Nama,Harga
LABEL THERMAL PAPER A6 500PCS | KERTAS STIKER RESI 100X150MM - RUSFET,Rp42.500
KERTAS THERMAL ROLL STICKER LABEL PRINT RESI 100 mm x 150 mm,Rp23.000
"Stiker Thermal Label Resi Thermal Paper Struk Thermal Struk Kasir - Stiker, Stiker 57x30",Rp3.650
"Label thermal stiker thermal paper thermal kertas struk kasir rusfet - STIKER THERMAL, STIKER 57X30",Rp3.650
Label stiker thermal continuous rusfet resi online lebel 57x30 satuan,Rp3.650
LABEL THERMAL 78 X 100 KERTAS STICKER BARCODE 78x100 mm Isi 300 Pcs,Rp18.850
LABEL THERMAL 100 X 50 (1 LINE) KERTAS STIKER BARCODE 100X50 MM 500PCS,Rp38.000
LABEL D. THERMAL Uk 60 X 40 / 60X40 MM / 60X40MM STIKER BARCODE TERMAL,Rp18.000
LABEL BARCODE XPrinter XP-360B Uk. 33 X 15 (2 LINE) THERMAL 33X15 MM,Rp21.000
Label Thermal Stiker 58 x 5 m Label Sticker Continuous 58mm x 5 m 58x5,Rp3.700
Label Sticker THERMAL ROLL Barcode Resi Online Shop 500pcs Rusfet,Rp34.500
LABEL THERMAL STIKER 80mm x50mm LABEL STICKER DIRECT THERMAL 80x50,Rp13.000
Stiker Thermal Label Barcode/Label Resi Thermal 100 x 150mm,Rp10.500
Stiker Label Thermal Printer Resi Sticker Barcode POS A6 10x15cm / DUS,Rp552.000
Stiker Kertas Label Barcode Thermal ukuran 30x20mm - 30 x 20 mm,Rp17.500
LABEL STICKER DIRECT THERMAL 78X100 MM 8X10 CM 78X100MM ISI 500 PCS,Rp40.000
Stiker Kertas Label Barcode Thermal ukuran 70x50mm - 70 x 50 mm,Rp22.000
"LABEL STIKER THERMAL TIMBANGAN DIGITAL 40 X 45 - 40x45 mm | CORE 1,5""",Rp15.000
LABEL BARCODE XPrinter XP-360B Uk 78 X 100 (1 LINE) THERMAL 78X100 MM,Rp33.000
LABEL BARCODE 100 X 150 mm KERTAS STICKER DIRECT THERMAL 100x150 mm,Rp28.000
Kertas kasir thermal stiker label 58/57x30,Rp3.880
LABEL THERMAL 78 X 100 KERTAS STICKER BARCODE 78x100 mm Isi 300 Pcs,Rp17.550
LABEL STICKER THERMAL RESI POS 100x150 mm TERMAL STIKER KERTAS ISI 250,Rp22.500
Stiker Label Thermal 50x20 50 x 20 XPrinter ETIKET Rumah Sakit Barcode,Rp24.500
KERTAS STICKER THERMAL 58 MM cocok untuk printer Label 58MM,Rp9.500
BLUEPRINT - Direct Thermal Sticker / Label Stiker 50x20 mm - 1000pcs,Rp14.200
Label Stiker Thermal Paper A6 10x15mm 100x150 cm Sticker Barcode Resi,Rp42.500
LABEL BARCODE 60 X 40 KERTAS STICKER THERMAL 60x40 mm (500 pcs),Rp20.000
LABEL THERMAL 78 X 100 KERTAS STICKER BARCODE 78x100 mm Isi 300 Pcs,Rp30.500
Stiker Kertas Label Barcode Thermal ukuran 50x25mm - 50 x 25 mm,Rp21.000
LABEL STIKER BARCODE 80X40 MM LABEL Thermal 8X4 CM 1000 PCS,Rp51.000
LABEL THERMAL - STIKER THERMAL - RESI BARCODE 100 X 60 MM = 500 pcs,Rp48.500
LABEL STICKER THERMAL 10X10,Rp55.000
KERTAS THERMAL 100X150 500PCS / KERTAS LABEL STICKER BARCODE A6,Rp41.000
LABEL THERMAL - STIKER THERMAL - RESI BARCODE 100 X 150 MM = 500 pcs,Rp47.500
KERTAS THERMAL LABEL BARCODE A6 100X150 500PCS ROLL KHUSUS GOSEND,Rp960.000
"Label Barcode Direct Thermal 58x40 58 x 40 mm core 1,5"" isi 500",Rp38.000
Direct Thermal Sticker Label Portable BLUEPRINT 78 Continous @40mm,Rp12.000
Label Thermal 100x150 Kertas Sticker Receipt Printer Barcode Termal A6,Rp28.000
Kertas Sticker Label Thermal Barcode Kertas Printer Thermal 80x100 mm,Rp32.800
LABEL THERMAL - STIKER THERMAL - RESI BARCODE 100 X 150 MM = 300 pcs,Rp28.500
LABEL THERMAL 76X100 MM 76 X 100 CORE 1/2 INCH 78X100 ISI 100 PCS,Rp12.000
"Label Barcode PERDUS 100x150mm thermal (10cmx15cm isi 20roll Core 1"")",Rp603.000
Label Barcode Thermal ukuran 50x20 mm ISI 2000,Rp60.000
Kertas Thermal 100 x 150 mm 500 pcs Stiker Label Barcode A6 - Roll,Rp47.000
Kertas Thermal Label Stiker Continuous 78x50mm 13 meter,Rp20.000
Kertas Sticker Thermal Resi 100x150MM Label Barcode 100x150 ISI 250PCS,Rp22.500
BLUEPRINT - Direct Thermal Sticker / Label Stiker 78x100 mm - 90pcs,Rp10.500
Kertas sticker thermal label resi pengiriman olshop 80mm x 10 meter ,Rp12.990
Kertas Thermal 100 x 150 mm 500 pcs Stiker Label Barcode A6,Rp47.000
Label Thermal Expedisi 100 x 150 | Label Thermal 100150 | Core 1 Inch,Rp30.000
Cetak Stiker Label Chromo A3+ Print Sticker Custom Chromo,Rp7.000
"Print & Cut Sticker Segel, Pecah Telur, Brittle, Cetak Stiker Garansi",Rp40.000
Cetak Stiker / Print Sticker Label Hologram A3+ & KISS CUT,Rp18.000
"Print & Cut Sticker Vinyl + Laminasi, Sticker Meteran Murah, Bandung",Rp90.000
Label Thermal 100x150 mm Stiker Fragile Resi 4x6 inch isi 500 pcs,Rp83.000
KERTAS STICKER LABEL PRINTER BARCODE 78 X 100 MM - 1 LINE - THERMAL,Rp19.500
LABEL THERMAL 100 X 60 MM STICKER LABEL ISI 500 PCS,Rp50.000
LABEL STICKER THERMAL ROLL KERTAS MESIN PRINT RESI 10 CM x 15 CM,Rp23.000
KERTAS THERMAL LABEL STICKER 100X150 500PCS BARCODE UKURAN A6,Rp39.500
kertas sticker stiker transparan glossy tahan air bisa semua printer,Rp29.930
"Print & Cut Sticker Hologram, Cetak Stiker Hologram Rainbow Murah",Rp17.000
Cetak Sticker Cromo A3+ | Stiker Label Kromo A3+ | Print + Kiss Cut,Rp7.000
LABEL RESI STICKER THERMAL 80mm X 30 METER CASHIER PRINTER KASIR,Rp42.000
CETAK STICKER CUSTOM PRINT UV DTF A4 A5 - 5x5cm,Rp6.250
LABEL THERMAL STIKER 80 x 100 mm STICKER DIRECT THERMAL 80x100 -1 LINE,Rp16.170
BLUEPRINT - Direct Thermal Sticker / Label Stiker 55x40 mm - 220pcs,Rp9.000
kertas thermal / label thermal stiker 58mm x 30mm,Rp4.149
KERTAS LABEL STICKER JNE 102 X 127 BARCODE THERMAL 102X127MM RESI JNE,Rp75.000
Label Sticker Thermal 80MM x 6M Printer Bluetooth Panda 80B-R80 10Roll,Rp110.000
Kertas Sticker Label Printer Barcode 40 x 25 mm - 1 Line Thermal 1000,Rp23.500
POSTEK C168 PRINTER BARCODE STICKER LABEL BARANG BERKUALITAS,Rp2.500.000
Custom Label Stiker Kertas Printer Barcode Thermal 50x30mm 2L Merah,Rp79.500
LABEL BARCODE 100 X 150MM KERTAS STICKER A6 THERMAL RESI PRINTER 350Pc,Rp43.000
Label Stiker Kertas Printer Barcode Semicoated 33x15mm 1 Line Warna,Rp24.485
Kertas Sticker Label Barcode Thermal 100 x 100 mm - ISI 250PCS 10x10cm,Rp28.000
Label Thermal Barcode 100 x 150 mm 500pcs Sticker Resi 4x6 100x150,Rp41.500
LABEL STICKER 58x10M METER POS PRINTER THERMAL 58MM CONTINUES 58 x 10,Rp6.990
Kertas Thermal Stiker Label 58x42mm Cetak Resi Alamat,Rp11.000
"Label Thermal 78x100 isi 500pcs, Kertas Thermal 80x100, Barcode Label",Rp45.500
Label Thermal Paper Sticker Kertas Printer Resi Stiker Barcode POS - Label 10x15 200,Rp23.000
Sticker Thermal Paper Label Kertas Printer Resi Stiker Barcode POS - Paper 57x40,Rp2.350
Thermal Printer Stiker Label Resi Sticker Barcode POS A6 10x15cm - Label 10x15 300,Rp28.500
Resi Sticker Thermal Printer Stiker Label Barcode POS A6 10x15cm DUS - Label 10x15 500,Rp1.056.000
Label Thermal Stiker Printer Sticker Resi Barcode POS A6 10x15cm / DUS - Label 10x15 300,Rp684.000
Kertas Roll Label Stiker Direct Thermal 40 x 20 1Line import,Rp28.000
Kertas Label Stiker Printer Thermal 80x50mm Continuous 80 x 50mm,Rp9.900
Thermal Label Sticker 40 x 30 mm 1Line 1000pcs Stiker Barcode 40x30 mm,Rp20.000
Trohestar Thermal Label Holder Roll Label Shipping Pemegang Label 4x6,Rp39.000
LABEL THERMAL | TERMAL 40X30 40 x 30 ISI 1000 PCS CORE 1 INCH,Rp16.500
Label Stiker Kertas Printer Barcode Thermal 33x15mm 3 Line 3000pcs,Rp35.945
LABEL THERMAL100x150 Kertas Sticker Receipt Printer Barcode Termal A6,Rp39.000
Thermal Printer Stiker Label Resi Sticker Barcode POS A6 10x15cm / DUS - Label 10x15 300,Rp684.000
Label Thermal 100x150mm Kertas Sticker Barcode Printer 743,Rp75.000
Label Thermal Paper Sticker Kertas Printer Resi Stiker Barcode POS DUS - Paper 80x40,Rp182.500
LABEL BARCODE 100 X 150 KERTAS STICKER THERMAL 100x150 mm (250 pcs),Rp28.000
LABEL BARCODE THERMAL 50 X 30 MM - DIRECT THERMAL - 1 LINE - 1000 PCS,Rp21.350
Label Barcode 100 X 150 mm Kertas Sticker Thermal 80 X 100 mm 300 pcs,Rp32.800
Label Thermal 53 X 5 M Continues - Printer Bluetooth Cetak Alamat,Rp5.500
STIKER LABEL BARCODE THERMAL UK 75 X 100 MM Cocok untuk printer 80 mm,Rp12.000
LABEL THERMAL PAPER A6 500PCS | KERTAS STIKER RESI 100X150MM - RUSFET,Rp42.500
KERTAS THERMAL ROLL STICKER LABEL PRINT RESI 100 mm x 150 mm,Rp23.000
"Stiker Thermal Label Resi Thermal Paper Struk Thermal Struk Kasir - Stiker, Stiker 57x30",Rp3.650
"Label thermal stiker thermal paper thermal kertas struk kasir rusfet - STIKER THERMAL, STIKER 57X30",Rp3.650
Label stiker thermal continuous rusfet resi online lebel 57x30 satuan,Rp3.650
kertas thermal stiker label uk 80x40,Rp12.300
Label Barcode 78x100 / Kertas Sticker Thermal Resi 78x100MM Winstar,Rp15.500
"Thermal 100X150mm 1Line 300pcs Core1"" Gap 2mm Label Barcode Sticker",Rp28.000
Printer Stiker Label Barcode Thermal 80mm Blueprint ECO80BT / ECO 80BT,Rp625.000
BLUEPRINT - Direct Thermal Sticker / Label Barcode 40x30 mm - 1000pcs,Rp20.000
Label Sticker THERMAL ROLL Barcode Resi Online Shop 500pcs Rusfet,Rp34.500
LABEL THERMAL STIKER 80mm x50mm LABEL STICKER DIRECT THERMAL 80x50,Rp13.000
Stiker Thermal Label Barcode/Label Resi Thermal 100 x 150mm,Rp10.500
Stiker Label Thermal Printer Resi Sticker Barcode POS A6 10x15cm / DUS,Rp552.000
Stiker Kertas Label Barcode Thermal ukuran 30x20mm - 30 x 20 mm,Rp17.500
Kertas thermal sticker label barcode berbagai ukuran,Rp28.500
KERTAS THERMAL STIKER LABEL RESI 100x150 BLUEPRINT ECO @500 100 x 150 ,Rp57.150
Label sticker Peripage Kertas stiker peripage Stiker Thermal,Rp2.100
Kertas thermal sticker label barcode Ukuran 50x80mm isi ± 500,Rp23.000
58X5 Resi Label Pengiriman 58Mm Kertas Thermal Sticker Barcode,Rp13.000
LABEL BARCODE THERMAL CONTINUOUS 58MMX30 METER CORE 1 PUTIH ISI 30 MET,Rp33.500
Label Thermal Sticker Kertas Printer Resi Stiker Barcode POS DUS - Label 10x15 200,Rp552.000
LABEL THERMAL BARCODE 33x19 mm DIRECT THERMAL 33x19mm 1 LINE - HARGA,Rp13.000
Barcode Label Thermal 60x40 L-1,Rp44.600
Label Barcode 12 roll 100 x 150 Thermal Label Direct 250pcs,Rp273.000
"33X25mm 3Line 2000pcs Gap CORE1"",Direct Thermal,Label Stiker Barcode",Rp53.300
KERTAS RESI LABEL THERMAL BARCODE ROLL A6 100x150 mm (250 Pcs),Rp25.100
"LABEL BARCODE 33 X 19 mm KERTAS STICKER LABEL THERMAL 2 LINE,MERK VSC",Rp17.150
LABEL STIKER BARCODE 80 X 30 MM THERMAL 1000Pcs STICKER ETIKET 80x30,Rp42.500
LABEL STICKER THERMAL 80 X 30 M PRINTER CASHIER EPSON TM-T82 MOKA POS,Rp35.000
"Kertas Label Termal Paper Thermal Printer Struk Kasir Barcode Coreless - 57x30mm - 6,6m",Rp1.500
"STRUK THERMAL STIKER UK 57 X 30 MM printer bloutouth ,bisa di tempel y - 57 x 30",Rp3.900
THERMAL 78X100 MM ISI 250 KERTAS LABEL BARCODE XPrinter XP-360B XP365B,Rp24.900
LABEL Thermal 33x15mm - Label Thermal 33x15 1Line-Label Thermal 1000pc,Rp10.900
Kertas Thermal 10x15cm / Label Direct Thermal Barcode untuk Pengiriman - Plastik,Rp39.000
Direct Thermal Stiker Label Online Shop Blueprint 80 × 80 MM 500 lbr,Rp36.000
LABEL BARCODE 100 X 150 mm merek VSC KERTAS STICKER LABEL THERMAL,Rp46.500
Kertas Thermal Kasir 57x40 / Label Thermal Struk Kasir / Paper Roll,Rp2.350
Kertas Label Barcode Thermal 100 x 150 mm isi 500pcs grosir,Rp50.000
Label Thermal Biru 70 x 50 / 70x50 mm / 70x50mm Barcode 1 Line,Rp42.000
"Label Resi Thermal Stiker Thermal 100x150mm Label Baracode Thermal - 100 x 150mm, 500pcs",Rp42.500
"Label Stiker Thermal Xprinter uk 50 x 25 | 50x25 isi 1000 pcs core 1""",Rp16.010
Refill Sticker Label Thermal NIIMBOT D110 D11 Colored Clear Series - 14 snow,Rp72.500
Stiker Label Thermal Paper A6 10x15mm 100x150 cm Sticker Barcode Resi,Rp28.500
LABEL STICKER THERMAL ROLL KERTAS ISI MESIN PRINT RESI 10 CM x 15 CM,Rp23.000
"STICKER LABEL THERMAL 33X15-2LINE (2.000 PC) XPRINTER, 33mmx15mm XP360",Rp19.500
"Direct Thermal 80X60mm 1Line 500pcs Gap Core1"",Label Sticker Barcode",Rp73.000
"Direct Thermal Sticker Label BLUEPRINT 78 Continuous @40mm x 9,2 m",Rp9.750
Kertas Label Barcode 80x100mm - Stiker Label Thermal 80mm - 500 PCS,Rp35.900
LABEL STIKER BARCODE THERMAL 100X50 MM DIRECT THERMAL 10X5 CM 500 PCS,Rp39.000
LABEL THERMAL PAPER A6 500PCS | KERTAS STIKER RESI 100X150MM - RUSFET,Rp42.500
KERTAS THERMAL ROLL STICKER LABEL PRINT RESI 100 mm x 150 mm,Rp23.000
"Stiker Thermal Label Resi Thermal Paper Struk Thermal Struk Kasir - Stiker, Stiker 57x30",Rp3.650
"Label thermal stiker thermal paper thermal kertas struk kasir rusfet - STIKER THERMAL, STIKER 57X30",Rp3.650
Label stiker thermal continuous rusfet resi online lebel 57x30 satuan,Rp3.650
80x120 | 76x120 STIKER LABEL THERMAL PRINTER BLUETOOTH -MOBILE PRINTER,Rp14.900
Kertas Stiker Label Termal | Sticker Paper Thermal Printer Resi Online,Rp23.000
Kertas Thermal Label Stiker 100x150mm 350pcs Barcode Ukuran A6,Rp37.000
Label Barcode KERTAS THERMAL 100x150 Isi 250 pcs Label Direct Thermal,Rp22.500
Label Thermal 58 X 30 M CONTINUES - Printer Epson TM-T82 MOKAPOS,Rp30.000
Label Sticker THERMAL ROLL Barcode Resi Online Shop 500pcs Rusfet,Rp34.500
LABEL THERMAL STIKER 80mm x50mm LABEL STICKER DIRECT THERMAL 80x50,Rp13.000
Stiker Thermal Label Barcode/Label Resi Thermal 100 x 150mm,Rp10.500
Stiker Label Thermal Printer Resi Sticker Barcode POS A6 10x15cm / DUS,Rp552.000
Stiker Kertas Label Barcode Thermal ukuran 30x20mm - 30 x 20 mm,Rp17.500
LABEL BARCODE XPrinter 33 X 15 STICKER THERMAL 33X15 MM 33x15MM 2 LINE,Rp12.500
"Label sticker barcod 30x20mm 1line 800pcs direct thermal gap2mm core1""",Rp11.000
LABEL THERMAL 33X15 STICKER BARCODE 33 X 15 ISI 2.000 PCS TERMURAH ORI,Rp21.000
"50x15mm 1line 1000pcs gap core1"",direct thermal label sticker barcode",Rp29.500
Label Stiker Barcode Thermal 74 mm x 30 m Continuous,Rp38.000
LABEL STIKER BARCODE 80X40 MM LABEL Thermal 8X4 CM 1000 PCS,Rp51.000
LABEL THERMAL - STIKER THERMAL - RESI BARCODE 100 X 60 MM = 500 pcs,Rp48.500
LABEL STICKER THERMAL 10X10,Rp55.000
KERTAS THERMAL 100X150 500PCS / KERTAS LABEL STICKER BARCODE A6,Rp41.000
LABEL THERMAL - STIKER THERMAL - RESI BARCODE 100 X 150 MM = 500 pcs,Rp47.500
Label Barcode 40x30 mm Kertas Sticker Direct Thermal isi 1000pcs Label,Rp17.500
Stiker Label Thermal Mobile Printer Bluetooth 80mm 76 x 50 mm / 80x50,Rp14.900
LABEL BARCODE 100 X 150 KERTAS STICKER THERMAL 100x150 mm ( 250 pcs ),Rp29.900
Printer Label Thermal 80mm BLUEPRINT ECO80BT USB + Bluetooth,Rp664.700
Thermal Direct Label/Kertas Label Stiker-ROLL,Rp20.825
LABEL STIKER BARCODE 80X40 MM LABEL Thermal 8X4 CM 1000 PCS,Rp51.000
LABEL THERMAL - STIKER THERMAL - RESI BARCODE 100 X 60 MM = 500 pcs,Rp48.500
LABEL STICKER THERMAL 10X10,Rp55.000
LABEL THERMAL - STIKER THERMAL - RESI BARCODE 100 X 150 MM = 500 pcs,Rp47.500
KERTAS THERMAL 100X150 500PCS / KERTAS LABEL STICKER BARCODE A6,Rp41.000
BLUEPRINT LITE - Direct Thermal Sticker / Label Stiker 100x150 - 500pc,Rp66.800
Kertas Thermal Label Barcode 60 x 40 mm 800pcs / Sticker Termal,Rp29.500
LABEL BARCODE 76 X 100 (1 LINE) Kertas Label Thermal 76x100,Rp15.300
Label Thermal 100x150 Kertas Sticker Receipt Printer isi 500 lembar,Rp35.000
Barcode Label Mixue Thermal 40 x 30 Stiker 40x30 mm 1 Line 1000 pcs,Rp17.500
LABEL THERMAL - STIKER THERMAL - RESI BARCODE 100 X 150 MM = 300 pcs,Rp28.500
LABEL THERMAL 76X100 MM 76 X 100 CORE 1/2 INCH 78X100 ISI 100 PCS,Rp12.000
"Label Barcode PERDUS 100x150mm thermal (10cmx15cm isi 20roll Core 1"")",Rp603.000
Label Barcode Thermal ukuran 50x20 mm ISI 2000,Rp60.000
Kertas Thermal 100 x 150 mm 500 pcs Stiker Label Barcode A6 - Roll,Rp47.000
STICKER LABEL BARCODE 100x150 mm DIRECT THERMAL 500 PCS,Rp45.000
Sticker/Kertas Thermal/Kertas Label uk 10x10 cm dan 10x15 cm,Rp36.500
Kertas Thermal 10x15cm / Label Direct Thermal Barcode untuk Pengiriman,Rp39.000
LABEL DIRECT THERMAL 100x50 mm 250-500 STIKER BARCODE 100 x 50 ETIKET,Rp18.500
Label Sticker Printer Thermal 100 x 150 CF Lipat Ukuran 100x150 mm,Rp46.000
Label Thermal Expedisi 100 x 150 | Label Thermal 100150 | Core 1 Inch,Rp30.000
Cetak Stiker / Print Sticker Label Hologram A3+ & KISS CUT,Rp18.000
"Print & Cut Sticker Segel, Pecah Telur, Brittle, Cetak Stiker Garansi",Rp40.000
Cetak Stiker Label Chromo A3+ Print Sticker Custom Chromo,Rp7.000
"Print & Cut Sticker Vinyl + Laminasi, Sticker Meteran Murah, Bandung",Rp90.000
CLABEL Kertas Stiker Label Thermal M 60x40mm,Rp21.604
PRINTER THERMAL BLUETOOTH 80MM C80BT CETAK KASIR STRUK DAN RESI LABEL,Rp473.000
100 X 100MM KERTAS STICKER STICKY DIRECT THERMAL LABEL BARCODE 500PC,Rp29.890
Label Resi Thermal Sticker 100 x 150 mm (A6) isi 250 pcs,Rp25.000
Label Stiker Resi Alamat Market Place 100x150mm A6 Direct Thermal @300,Rp44.000
kertas sticker stiker transparan glossy tahan air bisa semua printer,Rp29.930
"Print & Cut Sticker Hologram, Cetak Stiker Hologram Rainbow Murah",Rp17.000
Cetak Sticker Cromo A3+ | Stiker Label Kromo A3+ | Print + Kiss Cut,Rp7.000
LABEL RESI STICKER THERMAL 80mm X 30 METER CASHIER PRINTER KASIR,Rp42.000
CETAK STICKER CUSTOM PRINT UV DTF A4 A5 - 5x5cm,Rp6.250
LABEL TIMBANGAN DIGITAL THERMAL 50x40 Isi 500,Rp16.000
Label Thermal 58 X 10 M CONTINUES - Printer Epson TM-T82 MOKAPOS,Rp11.000
LABEL THERMAL 78X100 78 x 100 A7 1 line isi 250 pcs,Rp19.000
Stiker Label Printer Bluetooth 55 x 30 mm Thermal 1 Line Diameter 48mm,Rp8.500
Niimbot D110 Mini Portable Wireless Bluetooth Label Thermal Printer,Rp275.000
Label Stiker Thermal 80mm x 10m sticker thermal printer 80mm x 50mm,Rp12.249
"Print & Cut Sticker Chromo A3+, Cetak Stiker Kromo / Bontax A3 GROSIR! - Glossy",Rp5.000
Stiker Label Thermal Paper Sticker Barcode Printer Resi Kertas POS - Paper 57x40,Rp2.350
Custom Printing Cutting Sticker RITRAMA/ORACAL TERBAIK,Rp850
Kertas Stiker Thermal UK 77 x 30 MM PERIPAGE /PAPERANG / PRINTER 80 MM,Rp5.000
Kertas Thermal 100x150 mm 500 Pcs Label Barcode Label Thermal 100x150,Rp53.000
Direct Thermal Sticker Label Barcode BLUEPRINT 33x19 mm 3 Line 5000pcs,Rp43.100
LABEL THERMAL UK. 100mm x 150 mm | UK. 100X150 LABEL ONLINE SHOP,Rp51.500
Kertas thermal stiker label ukuran 80x40mm,Rp11.000
"Label Thermal 76x100 mm 76 x 100 core 0,5"" 1/2 inch - 80x100 mm",Rp13.750
Label Thermal Paper Sticker Kertas Printer Resi Stiker Barcode POS - Label 10x15 200,Rp23.000
Sticker Thermal Paper Label Kertas Printer Resi Stiker Barcode POS - Paper 57x40,Rp2.350
Thermal Printer Stiker Label Resi Sticker Barcode POS A6 10x15cm - Label 10x15 300,Rp28.500
Resi Sticker Thermal Printer Stiker Label Barcode POS A6 10x15cm DUS - Label 10x15 500,Rp1.056.000
Label Thermal Stiker Printer Sticker Resi Barcode POS A6 10x15cm / DUS - Label 10x15 300,Rp684.000
Codeshop Label Thermal 100 x 45 m Continuous 1 Inch Core,Rp12.000
Thermal Label 100 x 150 @300 pcs,Rp25.500
Sticker/Kertas Thermal/Kertas Label Doff Tidak Mengkilap,Rp8.000
"50x30mm 1000pcs thermal gap3mm 1line core1"" label sticker barcode",Rp45.000
"POS thermal Label Paper 56,5mm x 10m continuous buat cashier printer",Rp15.200
Print & Cut Sticker Vinyl A3+ / Cetak Stiker Label Kiss Cut / Die Cut,Rp8.500
Kertas Stiker Thermal 80 mm x 10 meter Printer Thermal 80 - non stiker,Rp5.000
[A4 LABEL/PRINT] KERTAS STIKER / STICKER KRAFT / COKLAT - ISI 50 lbr,Rp43.500
Print Sticker | Cetak Stiker Chromo/HVS A3+ - HVS,Rp3.500
Label Stiker Thermal 50 mm x 30 mm 3 warna pas untuk printer peripage - Merah Muda,Rp18.000
Printer Barcode Thermal Label Resi A6 BLUEPRINT TD110BT USB + BLUETOTH,Rp1.421.500
58mm x 5 Meter Continous Label LITE BLUEPRINT Direct Thermal Sticker,Rp5.000
label thermal 100x150 cm isi 500pcs ( lipat tahu),Rp41.500
Kertas Label Barcode 100 x 150 Kertas Stiker Thermal 100x150mm isi 300,Rp38.500
Label Sticker Thermal 74x30m / 74x30 / 74 x 30 m 1 Line Coreless,Rp35.000
KERTAS STICKER LABEL THERMAL 78 X 100 MM - 1 LINE - DIRECT THERMAL,Rp37.800
Kertas Sticker Label Thermal Resi 100x150 mm | Isi 500 Lembar per Roll,Rp38.500
kertas thermal / label thermal stiker 58mm x 30mm,Rp4.149
"Label Thermal 76x100mm core 0,5 inchi, 80mm 80x100,label mini printer",Rp13.300
KERTAS THERMAL ROLL STICKER LABEL PRINT RESI 10 X 15 CM isi 500 pcs,Rp42.500
LABEL BARCODE 100 X 150 mm LABEL THERMAL 350 pcs,Rp54.250
Kertas Thermal Label Stiker 100x150mm 250 lembar,Rp40.000
LABEL BARCODE DIRECT THERMAL 50 X 35 MM - 1 LINE - 1.000 PCS - TOPCOAT,Rp24.000
Label Stiker Kertas Barcode Uniqcode Thermal 75x45mm 1 Line 1000pcs,Rp67.125
Label Sticker Direct Thermal Printer Bluetooth 80 mm 76x100mm / 80x100,Rp13.750
Kertas Label Sticker THERMAL Continuous 57mm x 30mm Satuan,Rp6.000
Kertas Thermal Xantri Label Sticker Resi Barcode 100 x 150 mm 500 pcs,Rp73.000
Stiker Label Thermal Paper Sticker Barcode Resi A6 10x15cm 100x150mm - Label 10x15 200,Rp23.000
Sticker Label Thermal Paper A6 100x150mm 10x15cm Stiker Barcode Resi,Rp23.000
KERTAS THERMAL ROLL STICKER LABEL PRINT RESI 10 X 15 CM isi 300 pcs,Rp28.500
LABEL BARCODE thermal 33 X 15 (2 LINE) buat XPrinter XP-360B,Rp17.500
Label Stiker Kertas Printer Barcode Thermal 33x15mm 2 Line 2000pcs,Rp22.050
100 X 50 MM - DIRECT THERMAL BARCODE LABEL - ISI : 500 PCS STICKER,Rp33.900
LABEL STIKER THERMAL 60 X 40 mm - 60x40 mm,Rp18.500
PESANAN LABEL THERMAL A6 ISI 500 = 20 ROLL,Rp1.090.000
Kertas Thermal 100x100 isi 500 pcs Label Bacode Thermal Label 100x100,Rp65.500
LABEL BARCODE DIRECT THERMAL 100 X 100 MM - 10 X 10 CM - ISI : 250 PCS,Rp32.499
White Double - Thermal Label Printer Sticker Niimbot B21 Refill Label - Round White 20,Rp63.000
"LABEL THERMAL PRINTER 60 x 50 | 60x50 MM Xprinter CORE 1 "" 300 STICKER",Rp13.000
"Kertas Thermal 100mm X 150mm, Label Barcode Direct Resi 1 Roll Isi 300",Rp52.000
Kertas Sticker Label Barcode Thermal 60x40mm isi 500pcs,Rp18.000
B21 Niimbot Thermal Printer Label Sticker Maker Portable,Rp595.000
Kertas Stiker Thermal Label Barcode 100x150 mm,Rp33.800
KERTAS LABEL BARCODE THERMAL STANDARD RESI JNE 102 x 127 mm isi 500pcs,Rp75.000
pos thermal label paper 80mmx10m gap kanan kiri 2mm core 1 continuous,Rp22.400
LABEL THERMAL PAPER A6 500PCS | KERTAS STIKER RESI 100X150MM - RUSFET,Rp42.500
KERTAS THERMAL ROLL STICKER LABEL PRINT RESI 100 mm x 150 mm,Rp23.000
"Stiker Thermal Label Resi Thermal Paper Struk Thermal Struk Kasir - Stiker, Stiker 57x30",Rp3.650
"Label thermal stiker thermal paper thermal kertas struk kasir rusfet - STIKER THERMAL, STIKER 57X30",Rp3.650
Label stiker thermal continuous rusfet resi online lebel 57x30 satuan,Rp3.650
isi 500 Kertas Label Barcode 100 x 150 mm Kertas Stiker Thermal,Rp85.500
"STIKER LABEL THERMAL 45x50 | 45 x 50 ISI 500pcs CORE 1"" Xprinter XP360",Rp15.000
Kertas kasir thermal stiker label 77x30 / struk kasir printer paperage,Rp5.800
Stiker Kertas Label Barcode Thermal ukuran 33x15mm - 33 x 15 mm 2line,Rp14.500
Kertas Sticker 100 x 150 mm 250pcs Direct Thermal Label 100x150mm,Rp32.500
"Label Stiker Thermal Xprinter uk 50 x 25 | 50x25 isi 1000 pcs core 1""",Rp16.010
Refill Sticker Label Thermal NIIMBOT D110 D11 Colored Clear Series - 14 snow,Rp72.500
PROMO LABEL STICKER THERMAL UK.100 X 150 THERMAL A6 ISI 300 PCS,Rp47.000
Direct Thermal Sticker Label Resi BLUEPRINT ECO 100x150 mm Isi 450pcs,Rp50.000
LABEL BARCODE 100 x 100mm KERTAS STICKER DIRECT THERMAL 100x100 500pcs,Rp52.000
100 x 150 Thermal Label Direct Barcode 100x150 isi 500 pcs Resi A6,Rp85.500
[KHUSUS KURIR INSTANT GRAB GOJEK] Label Thermal 100x150,Rp780.000
Kertas A6 Stiker Thermal 500 pcs Label Sticker Barcode 100 x 150 mm,Rp53.000
"47x39mm 100pcs,direct thermal, 1line core1"",gap2mm,Label sticker barco",Rp10.000
"40X30mm 1Line 500pcs Gap Core 1"" Direct Thermal, Label Sticker Barcode",Rp18.400
Kertas kasir thermal stiker label 58/57x30,Rp3.880
LABEL THERMAL 78 X 100 KERTAS STICKER BARCODE 78x100 mm Isi 300 Pcs,Rp17.550
LABEL STICKER THERMAL RESI POS 100x150 mm TERMAL STIKER KERTAS ISI 250,Rp22.500
Stiker Label Thermal 50x20 50 x 20 XPrinter ETIKET Rumah Sakit Barcode,Rp24.500
KERTAS STICKER THERMAL 58 MM cocok untuk printer Label 58MM,Rp9.500
"Sticker Label Barcode Direct Thermal 7,6x10cm 76x100mm 1 Roll/100 pcs",Rp15.000
LABEL 4 x 5 Inc Direct Thermal,Rp105.000
"Label Thermal 33 x 15 mm 3 Line Stiker Barcode 33x15 mm 1""inch 1000pcs",Rp85.000
Label Barcode Printer Bluetooth MURAH 58x5 Meter kertas stiker thermal,Rp4.995
Label Kertas Thermal Sticker Resi 100x150cm 10 Roll @500lembar,Rp419.000
Label Sticker THERMAL ROLL Barcode Resi Online Shop 500pcs Rusfet,Rp34.500
LABEL THERMAL STIKER 80mm x50mm LABEL STICKER DIRECT THERMAL 80x50,Rp13.000
Stiker Thermal Label Barcode/Label Resi Thermal 100 x 150mm,Rp10.500
Stiker Label Thermal Printer Resi Sticker Barcode POS A6 10x15cm / DUS,Rp552.000
Stiker Kertas Label Barcode Thermal ukuran 30x20mm - 30 x 20 mm,Rp17.500
Direct Thermal Sticker / Label BLUEPRINT 50x20 mm 1 Line Isi 1000,Rp14.500
LABEL stiker thermal 80mm X 5M - LABEL CONTINUOUS UNTUK CETAK ALAMAT,Rp11.500
LABEL THERMAL 60x50 STICKER ETIKET 60 X 50 1000PCS BARCODE TOPCOAT BOS,Rp39.000
LABEL THERMAL STIKER 100mm x100mm LABEL STICKER DIRECT THERMAL 100x100,Rp34.500
KERTAS THERMAL 100 X 150 STIKER LABEL BARCODE A6,Rp40.500
Kertas kasir thermal stiker label 58/57x30,Rp3.880
LABEL THERMAL 78 X 100 KERTAS STICKER BARCODE 78x100 mm Isi 300 Pcs,Rp17.550
LABEL STICKER THERMAL RESI POS 100x150 mm TERMAL STIKER KERTAS ISI 250,Rp22.500
Stiker Label Thermal 50x20 50 x 20 XPrinter ETIKET Rumah Sakit Barcode,Rp24.500
KERTAS STICKER THERMAL 58 MM cocok untuk printer Label 58MM,Rp9.500
Stiker Label Barcode Thermal 50x20 / 50 x 20 / 50x20mm isi 5000 2 Line,Rp86.000
"THERMAL 70X30mm CORE 1"" 1 LINE 1000 PCS gap3mm perforasi label stiker",Rp64.300
Direct Thermal Sticker Label BLUEPRINT 58x5 Meter Continuous LITE,Rp5.000
Stiker Kertas Label Barcode Thermal ukuran 50x30mm - 50 x 30 mm,Rp10.750
Direct Thermal Sticker I Label Online shop Blueprint 100x150mm 200Pcs,Rp50.000
LABEL STIKER BARCODE 80X40 MM LABEL Thermal 8X4 CM 1000 PCS,Rp51.000
LABEL THERMAL - STIKER THERMAL - RESI BARCODE 100 X 60 MM = 500 pcs,Rp48.500
LABEL STICKER THERMAL 10X10,Rp55.000
LABEL THERMAL - STIKER THERMAL - RESI BARCODE 100 X 150 MM = 500 pcs,Rp47.500
KERTAS THERMAL 100X150 500PCS / KERTAS LABEL STICKER BARCODE A6,Rp41.000
LABEL DIRECT THERMAL 100x150 MM,Rp83.000
Unicorn Stiker Label Thermal 80mm 74mm x 30M / 74mmx30M / 74x30 M,Rp39.000
LABEL THERMAL STIKER 80mm x50mm LABEL STICKER DIRECT THERMAL 80x50,Rp13.500
LABEL STICKER THERMAL 58 X 10 M MINI MOBILE PRINTER BLUETOOTH MOKA POS,Rp11.000
LABEL DIRECT THERMAL 45x18 MM STIKER ETIKET BARCODE 45 X 18 ISI2000PCS,Rp30.000
LABEL THERMAL - STIKER THERMAL - RESI BARCODE 100 X 150 MM = 300 pcs,Rp28.500
LABEL THERMAL 76X100 MM 76 X 100 CORE 1/2 INCH 78X100 ISI 100 PCS,Rp12.000
"Label Barcode PERDUS 100x150mm thermal (10cmx15cm isi 20roll Core 1"")",Rp603.000
Label Barcode Thermal ukuran 50x20 mm ISI 2000,Rp60.000
Kertas Thermal 100 x 150 mm 500 pcs Stiker Label Barcode A6 - Roll,Rp47.000
Label Thermal Continuous 80 x 30 meter PRINTER EPSON TM - U230 POS,Rp45.000
LABEL BARCODE THERMAL 40X20 STICKER HARGA,Rp13.800
Kertas Thermal Label Stiker 100x150mm 200 lembar,Rp37.500
Direct Thermal Sticker Label Barcode Blueprint BP 55x40 55×40 isi 220,Rp9.000
label thermal 100x150 250 pcs,Rp40.000
Label Thermal Expedisi 100 x 150 | Label Thermal 100150 | Core 1 Inch,Rp30.000
Label Thermal Sticker Kertas Printer Resi Stiker Barcode POS DUS - Label 10x15 200,Rp552.000
Stiker Label Thermal Paper Stiker Barcode Printer Resi Kertas POS A6 - Paper 80x40mm,Rp3.650
Label Kertas Stiker Thermal Resi Paper Barcode sticker printer POS - Label 10x15 300,Rp28.500
"Printer Barcode Thermal Label Printer Kertas Struk Kasir RUSFET - Stiker, Stiker 57x30",Rp3.650
LABEL 60 X 70 THERMAL ISI 1000 PCS PORPORASI,Rp65.000
LABEL STIKER PUTIH Printer Thermal Bluetooth 57 mm atau 58mm,Rp13.800
Sticker Barcode Label Direct Thermal 100 x 100 mm (1 Roll isi 500 pcs),Rp54.000
POS thermal Label Paper 58mm x 10m continuous buat cashier printer,Rp15.700
Label Cetak Resi 100 x 150 STICKER DIRECT THERMAL 100x150 mm isi 300pc,Rp51.500
LABEL RESI STICKER THERMAL 80mm X 30 METER CASHIER PRINTER KASIR,Rp42.000
CETAK STICKER CUSTOM PRINT UV DTF A4 A5 - 5x5cm,Rp6.250
"Digital Printing Sticker Ritrama, Print Stiker Vinyl Meteran, Bandung - TANPA Laminasi",Rp75.000
Cetak Stiker | Print Sticker Label Metallic Silver Gold A3+ KISS CUT,Rp17.000
"Print & Cut Sticker Kraft Paper A3+, Cetak Stiker Kertas Kraft Murah",Rp9.000
Stiker Label 80 x 100 Kertas Sticker Thermal 80x100 mm (500 pcs),Rp46.950
Kertas Thermal Label Resi Thermal 100x150mm Label Barcode 300pcs,Rp28.500
Sticker thermal label barcode 100x150mm isi 500pcs/roll,Rp65.000
500 pcs Label Thermal Barcode 100 x 80 mm Sticker Resi 4x3 100x80,Rp29.900
 Sticker Label Thermal 58mm x 33mm 5 meter Continues / Tanpa Gap,Rp5.000
Label Stiker Thermal 80mm x 10m sticker thermal printer 80mm x 50mm,Rp12.249
Stiker Label Thermal Paper Sticker Barcode Printer Resi Kertas POS - Paper 57x40,Rp2.350
"Print & Cut Sticker Chromo A3+, Cetak Stiker Kromo / Bontax A3 GROSIR!",Rp5.000
Custom Printing Cutting Sticker RITRAMA/ORACAL TERBAIK,Rp850
Kertas Stiker Thermal UK 77 x 30 MM PERIPAGE /PAPERANG / PRINTER 80 MM,Rp5.000
Direct Thermal Sticker Label Resi BLUEPRINT Lite 100x150 mm Isi 400pcs,Rp58.750
Label Thermal 50x25mm 1Line 1000pcs Gap 2mm Core 1 Inchi / Merk AV,Rp25.300
Kertas Stiker Thermal Label Barcode 100x150 mm! Harga Grosir,Rp572.400
LABEL THERMAL TIMBANGAN DIGITAL 45 X 45 MM,Rp14.350
Label Stiker Barcode Thermal 80x100mm / 8x10cm / 80x100 Isi 300pcs,Rp30.000
Sticker Barcode Thermal Printer Stiker Label Resi POS A6 10x15cm - Label 10x15 500,Rp42.500
KERTAS STICKER LABEL PRINTER BARCODE 78 X 100 78x100 DIRECT THERMAL,Rp50.000
Stiker Label Thermal Paper Sticker Barcode Printer Resi Kertas POS - Label 10x15 200,Rp23.000
Label Stiker Kertas Printer Barcode Thermal 50x30mm 1 Line Warna,Rp49.345
Label Thermal 100x150 Kertas Sticker Receipt Printer Barcode Xpinter - Roll,Rp69.000
Kertas Thermal Sticker Label Blueprint 58 mm Continuous @40mm - 1 Roll,Rp8.500
Kertas Thermal Barcode Sticker Label Uk 100mm,Rp49.000
Kertas Label Thermal 100x100x 500pcs,Rp40.000
New B21 / B1 Niimbot Thermal Label Bluetooth Printer Stiker Portable,Rp427.200
Printer Barcode Label Sticker Label Thermal Iware IW-385B 80mm USB,Rp775.000
Label Stiker Kertas Printer Barcode Thermal 33x15mm 3 Line 3000pcs,Rp35.945
LABEL THERMAL100x150 Kertas Sticker Receipt Printer Barcode Termal A6,Rp39.000
Thermal Printer Stiker Label Resi Sticker Barcode POS A6 10x15cm / DUS - Label 10x15 300,Rp684.000
Label Thermal 100x150mm Kertas Sticker Barcode Printer 743,Rp75.000
Label Thermal Paper Sticker Kertas Printer Resi Stiker Barcode POS DUS - Paper 80x40,Rp182.500
Label Thermal 33x15mm 1Line 1000pcs Gap 2mm Core 1 Inchi / Merk AV,Rp12.700
KERTAS STIKER THERMAL A6 LABEL STICKER PRINT RESI OLSHOP 100X150 200,Rp29.300
STICKER THERMAL 100 X 150/100x100 BARCODE A6 / LABEL STICKER THERMAL,Rp24.000
Label Barcode Thermal 50x30 mm ISI 1000,Rp30.000
Thermal Stiker Label 57X30 Paket 1 Pack,Rp38.900
KERTAS STICKER LABEL THERMAL 78 X 100 MM - 1 LINE - DIRECT THERMAL,Rp37.800
Kertas Sticker Label Thermal Resi 100x150 mm | Isi 500 Lembar per Roll,Rp38.500
kertas thermal / label thermal stiker 58mm x 30mm,Rp4.149
"Label Thermal 76x100mm core 0,5 inchi, 80mm 80x100,label mini printer",Rp13.300
KERTAS THERMAL ROLL STICKER LABEL PRINT RESI 10 X 15 CM isi 500 pcs,Rp42.500
Label Thermal /Printer label /stiker barcode ukuran 100x100 isi 500 Pc,Rp40.500
LABEL THERMAL 50X30 - 50 x 30 LABEL LABORATORIUM KLINIK RUMAH SAKIT,Rp20.500
Label Thermal Printer Kertas Stiker Ukuran 100x150 mm 500/ROLL,Rp41.000
LABEL STIKER BARCODE 100x50 mm DIRECT THERMAL 500 PCS,Rp39.000
LABEL STIKER THERMAL 40X30 MM - 1 LINE ISI 800 THERMAL ISI 1000,Rp19.500
Label thermal sticker 100x150mm isi 500 kertas olshop A6 100 x 150 mm,Rp47.500
Direct Thermal Sticker Label BLUEPRINT 58x5 Meter Continuous - 1 Roll,Rp5.000
Stiker Label Thermal Paper Sticker Barcode Resi A6 10x15cm 100x150mm - Label 10x15 200,Rp23.000
Sticker Label Thermal Paper A6 100x150mm 10x15cm Stiker Barcode Resi,Rp23.000
Kertas Thermal Sticker Label BLUEPRINT 58 mm Continuous @40mm - 1 Roll,Rp8.500
label direct thermal 40 x 30,Rp14.000
LABEL STIKER RESI THERMAL 100X150 MM / 100 X 150 MM / 100X150MM 500pcs,Rp79.000
Jewelry Label Direct Thermal untuk NIIMBOT D11,Rp128.760
Custom Stiker Label Logo Warna Semicoated Thermal Yupo Silvermate,Rp3.645.000
Stiker Label Thermal Paper Sticker Barcode RUSFET Lebel TERMURAH,Rp3.650
LABEL DIRECT THERMAL 78X100 MM ISI 500 BARCODE XPrinter RESI 78 X 100,Rp49.500
LABEL BARCODE THERMAL 33X25 MM,Rp41.400
"Kertas Thermal 100x100 isi 500 pcs, Label Bacode,Thermal Label 100x100",Rp46.000
"Kertas thermal label thermal struk kasir printer rusfet dus Ojol - Paper, Paper 80x40",Rp182.500
"Label Resi Thermal Stiker Thermal 100x150mm Label Baracode Thermal - 100 x 150mm, 500pcs",Rp42.500
Label Direct Thermal 55x30mm / 55x30 / 55 x 30 mm 1000 Pcs,Rp26.500
Codeshop Stiker Label Resi 100 x 150 mm Thermal 1 line isi 2000  Pcs,Rp300.500
Stiker Label Barcode Thermal 50x20mm / 50x20 mm / 50 x 20 mm / 5x2CM,Rp17.000
Label Sticker Barcode 100x150 mm Thermal 10x15 cm 100 x 150 isi 250Pcs,Rp30.000
Label Barcode Thermal Hokinobo 100x150mm 500pcs Sticker Thermal !,Rp28.750
"Kertas Label Termal Paper Thermal Printer Struk Kasir Barcode Coreless - 57x30mm - 6,6m",Rp1.500
"STRUK THERMAL STIKER UK 57 X 30 MM printer bloutouth ,bisa di tempel y - 57 x 30",Rp3.900
THERMAL 78X100 MM ISI 250 KERTAS LABEL BARCODE XPrinter XP-360B XP365B,Rp24.900
LABEL Thermal 33x15mm - Label Thermal 33x15 1Line-Label Thermal 1000pc,Rp10.900
Kertas Thermal 10x15cm / Label Direct Thermal Barcode untuk Pengiriman - Plastik,Rp39.000
"Stiker label Barcode Direct Thermal 30x20mm 1Line Core 1"" isi 1000pcs",Rp11.000
Label Direct Thermal Polos 12mm x 40mm untuk NIIMBOT D11,Rp119.880
LABEL THERMAL RESI 78 X 100 | 78X100 MM - ISI 300 PCS,Rp33.000
Label Sticker THERMAL ROLL Resi Online Shop 10x10cm 500pcs Rusfet,Rp34.500
Label Thermal Codeshop 80x50 mm 1 Line isi 1000 Stiker Resi Pengiriman,Rp59.000
"Label Resi Thermal Stiker Thermal 100x150mm Label Baracode Thermal - 100 x 150mm, 500pcs",Rp42.500
"Label Stiker Thermal Xprinter uk 50 x 25 | 50x25 isi 1000 pcs core 1""",Rp16.010
Refill Sticker Label Thermal NIIMBOT D110 D11 Colored Clear Series - 14 snow,Rp72.500
Printer Barcode Thermal/Label Resi A6 BLUEPRINT BPTD110D USB+Bluetooth,Rp1.268.000
KERTAS THERMAL 100 X 150 mm LABEL PENGIRIMAN OLSHOP LABEL STICKER A6,Rp47.997
Kertas Stiker Label Thermal 76mm x 10M / 76x10 / 76x10M - Printer 80mm,Rp13.500
e-Print Direct Thermal Sticker Label Barcode 40 x 30 mm ( 1000 pcs ),Rp17.350
Printer Label Thermal 80mm Blueprint ECO80BT ECO 80BT USB + Bluetooth,Rp642.000
PRINTER BARCODE THERMAL/LABEL PRINTER VSC MP-80L PRO BLUETOOTH IOS AND,Rp545.000
Label Barcode Thermal 30x20 1line Kertas Stiker Label Xprinter Zebra,Rp26.000
LABEL THERMAL PAPER A6 500PCS | KERTAS STIKER RESI 100X150MM - RUSFET,Rp42.500
KERTAS THERMAL ROLL STICKER LABEL PRINT RESI 100 mm x 150 mm,Rp23.000
"Stiker Thermal Label Resi Thermal Paper Struk Thermal Struk Kasir - Stiker, Stiker 57x30",Rp3.650
"Label thermal stiker thermal paper thermal kertas struk kasir rusfet - STIKER THERMAL, STIKER 57X30",Rp3.650
Label roll thermal stiker thermal rusfet satuan 500pcs resi online,Rp34.500
Kertas label thermal barcode label 100x150 No Ribbon 500 lembar,Rp45.700
Niimbot B21 Printer Thermal Bluetooth Label Sticker Portable 201dpi,Rp600.000
Stiker Label Barcode Thermal 100x80 mm / 100 x 80 mm / 100x80mm,Rp44.000
Label Stiker Yupo Thermal 50x30mm 50x30 Barcode 50 x 30 mm isi 1000,Rp52.000
KERTAS LABEL PRINT RESI ADHESIVE STICKER 100X150 NON THERMAL,Rp28.000
Label Sticker THERMAL ROLL Barcode Resi Online Shop 500pcs Rusfet,Rp34.500
LABEL THERMAL STIKER 80mm x50mm LABEL STICKER DIRECT THERMAL 80x50,Rp13.000
Stiker Thermal Label Barcode/Label Resi Thermal 100 x 150mm,Rp10.500
Stiker Label Thermal Printer Resi Sticker Barcode POS A6 10x15cm / DUS,Rp552.000
Stiker Kertas Label Barcode Thermal ukuran 30x20mm - 30 x 20 mm,Rp17.500
Thermal Printer Stiker Label Resi Sticker Barcode POS A6 10x15cm / DUS,Rp684.000
LABEL THERMAL PAPER A6 | KERTAS STRUCK KASIR | KERTAS RESI 10x15CM,Rp23.000
BARCODE THERMAL LABEL STIKER 80X100MM - 80MM - ISI 500PCS,Rp60.000
Printer Barcode Thermal IWARE LP-T368 / LPT368 Label Printer 80mm,Rp599.000
STICKER BARCODE THERMAL 65X40 - LABEL 65 X 40,Rp45.000
Label Thermal Expedisi 100 x 150 | Label Thermal 100150 | Core 1 Inch,Rp30.000
Label Thermal Sticker Kertas Printer Resi Stiker Barcode POS DUS - Label 10x15 200,Rp552.000
Stiker Label Thermal Paper Stiker Barcode Printer Resi Kertas POS A6 - Paper 80x40mm,Rp3.650
Label Kertas Stiker Thermal Resi Paper Barcode sticker printer POS - Label 10x15 300,Rp28.500
"Printer Barcode Thermal Label Printer Kertas Struk Kasir RUSFET - Stiker, Stiker 57x30",Rp3.650
Codeshop Label Direct Thermal 30x20 mm isi 800 Stiker Printer Barcode,Rp11.000
KERTAS THERMAL STIKER / LABEL 80mm X 6M -PRINTER LABEL- CONTINUOUS,Rp19.000
Custom Size Kertas Label Stiker Barcode Thermal Bahan Baku Fasson,Rp100
LABEL DIRECT THERMAL 78X100 MM ISI 500 BARCODE XPrinter RESI 78 X 100,Rp49.500
PRINTER THERMAL MP8008 BLUETOOTH PORTABLE 80MM LABEL STICKER ALAMAT,Rp455.000
LABEL STIKER BARCODE 80X40 MM LABEL Thermal 8X4 CM 1000 PCS,Rp51.000
LABEL THERMAL - STIKER THERMAL - RESI BARCODE 100 X 60 MM = 500 pcs,Rp48.500
LABEL STICKER THERMAL 10X10,Rp55.000
KERTAS THERMAL 100X150 500PCS / KERTAS LABEL STICKER BARCODE A6,Rp41.000
LABEL THERMAL - STIKER THERMAL - RESI BARCODE 100 X 150 MM = 500 pcs,Rp47.500
"LABEL DIRECT THERMAL 70x50 | 70mm X 50mm CORE 1 "" ISI 1000 PCS",Rp50.500
Printer Thermal Resi Label Bluetooth TD 110D 110 D BLUEPRINT Original,Rp56.000
Mini Bluetooth Thermal Printer Barcode Label 50X30 ISI 200PCS - MURAH,Rp6.800
LABEL BARCODE XPrinter XP-360B 78X100 THERMAL 78 X 100 (isi250) 76x102,Rp28.000
"Label Stiker Barcode Thermal 40x30 mm, 1000 pcs",Rp15.250
LABEL THERMAL - STIKER THERMAL - RESI BARCODE 100 X 150 MM = 300 pcs,Rp28.500
LABEL THERMAL 76X100 MM 76 X 100 CORE 1/2 INCH 78X100 ISI 100 PCS,Rp12.000
"Label Barcode PERDUS 100x150mm thermal (10cmx15cm isi 20roll Core 1"")",Rp603.000
Label Barcode Thermal ukuran 50x20 mm ISI 2000,Rp60.000
Kertas Thermal 100 x 150 mm 500 pcs Stiker Label Barcode A6 - Roll,Rp47.000
Label Sticker THERMAL ROLL Resi Online 10x10cm 500pcs Rusfet,Rp34.500
KERTAS LABEL THERMAL BARCODE 100x150 isi 500 Pcs,Rp50.000
Label Thermal 50x30 mm 1 Line Codeshop Core 1 Inch Isi 200 Pcs,Rp6.800
KERTAS STICKER LABEL THERMAL 58 mm x 5 M,Rp6.570
Kertas Thermal Sticker Label BLUEPRINT 58 mm Continuous @40mm - 1 Roll,Rp130.000
Label Thermal Expedisi 100 x 150 | Label Thermal 100150 | Core 1 Inch,Rp30.000
Cetak Stiker / Print Sticker Label Hologram A3+ & KISS CUT,Rp18.000
"Print & Cut Sticker Vinyl + Laminasi, Sticker Meteran Murah, Bandung",Rp90.000
Print Sticker | Cetak Stiker Cromo A3+ dan Kiss Cut,Rp4.500
Label Thermal Sticker Kertas Printer Resi Stiker Barcode POS DUS - Label 10x15 200,Rp552.000
Label Thermal 100x150 mm Stiker Printer Barcode Kassen TSC,Rp52.000
"33x20 1Line 1000pcs,Gap Core 1inch,Direct Thermal Label Stiker Barcode",Rp16.000
LABEL THERMAL 55X30 - STIKER THERMAL 55X30 - STICKER THERMAL 55X30,Rp25.000
LABEL BARCODE 100 X 150 KERTAS STICKER THERMAL 100x150 mm / A6 (250),Rp24.300
Kertas Thermal Label Bear untuk PeriPage,Rp45.000
kertas sticker stiker transparan glossy tahan air bisa semua printer,Rp29.930
"Print & Cut Sticker Hologram, Cetak Stiker Hologram Rainbow Murah",Rp17.000
Cetak Sticker Cromo A3+ | Stiker Label Kromo A3+ | Print + Kiss Cut,Rp7.000
LABEL RESI STICKER THERMAL 80mm X 30 METER CASHIER PRINTER KASIR,Rp42.000
CETAK STICKER CUSTOM PRINT UV DTF A4 A5 - 5x5cm,Rp6.250
Label Barcode 40x20 mm @5000 pcs Direct Thermal,Rp78.000
Codeshop Label Thermal 100 x 50 mm 1 Line Core 1 Inch Isi 500 Pcs,Rp38.000
PRINTER TRANSFER THERMAL & DIRECT THERMAL LABEL 2 IN 1 KASSEN E460,Rp2.600.000
Direct Label Stiker Barcode 40x30 isi 800 kertas thermal 1 line,Rp12.249
Codeshop Label Thermal 100x150 mm Resi Pengiriman isi 2000 Pcs Stiker,Rp300.500
kertas sticker stiker glossy tahan air vinyl bisa semua printer tinta,Rp26.800
Print & Cut A3 Sticker Chromo GLOSS (Label Kemasan) - Cetak Saja,Rp5.750
"BA139 Sticker Nama Label Printing Kain Kaos Sablon Setrika Isi 50pcs - MULTI COLOR, FONT IMPACT",Rp15.000
Cetak Cutting Stiker Label HVS | Print & Cut Sticker HVS,Rp4.500
KERTAS STICKER LABEL PRINTER BARCODE 100 X 80 MM - 1 LINE - THERMAL,Rp45.000
LABEL BARCODE THERMAL 100 X 150 MM - KERTAS STICKER LABEL THERMAL A6,Rp27.000
Codeshop Label Thermal 100 x 80 mm 1 Line Isi 500 Pcs Core 1 Inch,Rp63.000
LABEL BARCODE DIRECT THERMAL 40 X 20 MM - 4 X 2 CM - 2 BARIS - 2.000 P,Rp30.010
"Stiker Label Thermal 33x15mm 1 Line isi 495 Pcs Core 0,5""Gap Perforasi",Rp7.200
PRINTER LABEL BARCODE RESI EPSON TM-L90 DIRECT THERMAL USB & RS232,Rp5.150.000
Sticker Barcode Thermal Printer Stiker Label Resi POS A6 10x15cm - Label 10x15 500,Rp42.500
KERTAS STICKER LABEL PRINTER BARCODE 78 X 100 78x100 DIRECT THERMAL,Rp50.000
Stiker Label Thermal Paper Sticker Barcode Printer Resi Kertas POS - Label 10x15 200,Rp23.000
Label Stiker Kertas Printer Barcode Thermal 50x30mm 1 Line Warna,Rp49.345
Label Thermal 100x150 Kertas Sticker Receipt Printer Barcode Xpinter - Roll,Rp69.000
Kertas label thermal 100x150 / sticker barcode / label barcode printin,Rp36.000
65pcs Thermal Cable Label Sticker Stiker Label Kabel Untuk Niimbot,Rp67.000
Codeshop Stiker Label Barcode 60x40 mm Thermal 1 Line isi 500 Pcs,Rp19.500
Paper Holder Thermal Label Printer [4 INCH] HOLDER KERTAS PRINTER,Rp45.000
Kertas Thermal 100x150cm Isi 500pc Label Sticker Printer Termal Paper,Rp49.500
EXILO Sticker Vinyl Roll White Gloss Eco Solvent UV Print P 50m - 1.06 X 50 M,Rp650.000
Kertas Stiker Thermal 80 mm x 10 meter Printer Thermal 80 - non stiker,Rp5.000
[A4 LABEL/PRINT] KERTAS STIKER / STICKER KRAFT / COKLAT - ISI 50 lbr,Rp43.500
Print Sticker | Cetak Stiker Chromo/HVS A3+ - HVS,Rp3.500
Label Stiker Thermal 50 mm x 30 mm 3 warna pas untuk printer peripage - Merah Muda,Rp18.000
Label Thermal 78x100mm - 78x100 78 x 100 mm (1 LINE) Kertas Sticker,Rp31.600
Label Thermal 100x150mm A6 Resi ECO 1 Line Core 1 Inch Isi 500 Pcs,Rp42.000
LABEL BARCODE 76 X 50 (1 LINE) Kertas Label Thermal 76x50 CORELESS,Rp13.000
Terbaru DIRECT THERMAL STICKER [40x20 MM] KERTAS LABEL STIKER BARCODE,Rp20.000
Label Sticker Thermal 53mm x 30m / 53mmx30m corelesa tanpa putus,Rp34.000
Kertas Sticker Label Thermal Resi 100x150 mm | Isi 500 Lembar per Roll,Rp38.500
LABEL THERMAL PAPER A6 300PCS | KERTAS STIKER RESI BARCODE 100X150MM,Rp28.500
kertas thermal / label thermal stiker 58mm x 30mm,Rp4.149
Label Stiker Thermal Paper A6 10x15mm 100x150 cm Sticker Barcode Resi - Label 10x15 500,Rp42.500
Sticker Label Thermal Paper A6 100x150mm 10x15cm Stiker Barcode Resi - Label 10x15 200,Rp23.000
Label Kertas Stiker Thermal Resi Paper sticker printer barcode RUSFET,Rp28.500
Label Barcode 100x150MM Goldwin / Sticker Thermal Resi ISI 500,Rp36.500
Blueprint BP-TD110D Printer Thermal Barcode Label USB Bluetooth,Rp1.302.000
PROMO LABEL STIKER THERMAL TIMBANGAN DIGITAL 50 X 40 MM,Rp14.200
KERTAS STICKER LABEL PRINTER BARCODE 50 X 30 MM - 1 LINE - THERMAL,Rp20.000
KERTAS THERMAL ROLL STICKER LABEL PRINT RESI 10 X 15 CM isi 300 pcs,Rp28.500
Label Thermal 100 x 150 mm isi 500 pcs label sticker resi,Rp65.000
Kertas Thermal Sticker Label BLUEPRINT 58 mm Continuous @40mm - 1 Roll,Rp8.500
Kertas Label Stiker Printer Bluetooth Thermal ( 58 x 33 mm / 5 M ),Rp6.500
Label Thermal Continuous 80mm x 30 meter - 74mm x 30 mtr -Printer 80mm,Rp30.000
STICKER KERTAS LABEL THERMAL BARCODE Uk. 50 X 30 MM - 50x30mm,Rp21.240
Xprinter XP-TT426B Printer LABEL BARCODE RIBBON dan THERMAL DIRECT,Rp1.700.000
SoonMark M8 Direct Thermal Label Printer,Rp1.351.000
NEW LABEL TIMBANGAN THERMAL 50 X 40,Rp14.200
Label Timbangan Digital 50 x 40 mm - Label Thermal 50x40 mm isi 450pc,Rp23.000
LABEL DIRECT THERMAL 78X100 MM ISI 500 BARCODE XPrinter RESI 78 X 100,Rp49.500
LABEL BARCODE THERMAL 33X25 MM,Rp41.400
"Kertas Thermal 100x100 isi 500 pcs, Label Bacode,Thermal Label 100x100",Rp46.000
"Kertas thermal label thermal struk kasir printer rusfet dus Ojol - Paper, Paper 80x40",Rp182.500
"Label Resi Thermal Stiker Thermal 100x150mm Label Baracode Thermal - 100 x 150mm, 500pcs",Rp42.500
KERTAS LABEL STICKER PRINTER THERMAL BLUETOOTH STIKER RESI PENGIRIMAN,Rp6.000
Stiker Label Resi Direct Thermal 80x100mm 80x100 mm isi 500,Rp48.000
"Label Thermal 76x100mm core 0,5 inchi, 80mm 80x100,label mini printer",Rp13.300
"KERTAS LABEL THERMAL PRINTER BARCODE 100 X 150 MM (1 LINE) 4"" x 6"" /A6",Rp27.000
KERTAS THERMAL LABEL XPRINTER 50X30MM - 50 X 30 MM,Rp32.000
"Kertas Label Termal Paper Thermal Printer Struk Kasir Barcode Coreless - 57x30mm - 6,6m",Rp1.500
"STRUK THERMAL STIKER UK 57 X 30 MM printer bloutouth ,bisa di tempel y - 57 x 30",Rp3.900
THERMAL 78X100 MM ISI 250 KERTAS LABEL BARCODE XPrinter XP-360B XP365B,Rp24.900
LABEL Thermal 33x15mm - Label Thermal 33x15 1Line-Label Thermal 1000pc,Rp10.900
Kertas Thermal 10x15cm / Label Direct Thermal Barcode untuk Pengiriman - Plastik,Rp39.000
E-Print Label Stiker Barcode / Direct Thermal Sticker 30x20mm 800pcs,Rp8.500
Kertas Sticker Thermal Label Barcode 100x100 (500 pcs) Tebal Anti Air,Rp46.500
Label Barcode Thermal Pengiriman 80 x 100 mm Stiker Termal isi 300 pcs,Rp36.700
LABEL THERMAL 40 X 20 MM - 2 BARIS - 2.000 PCS - STICKER BARCODE 4 X 2,Rp30.200
KERTAS STICKER LABEL THERMAL 78 X 100 MM - 1 LINE - DIRECT THERMAL,Rp33.000
"Label Resi Thermal Stiker Thermal 100x150mm Label Baracode Thermal - 100 x 150mm, 500pcs",Rp42.500
"Label Stiker Thermal Xprinter uk 50 x 25 | 50x25 isi 1000 pcs core 1""",Rp16.010
Refill Sticker Label Thermal NIIMBOT D110 D11 Colored Clear Series - 14 snow,Rp72.500
"THERMAL 33x15-2Line isi 2.000 pcs LABEL BARCODE XPRINTER,XP-360 PROMO",Rp16.900
Printer Kassen DT-369 Cetak Stiker Label Thermal USB+Bluetooth DT369,Rp1.209.000
KERTAS LABEL THERMAL UKURAN 58 X 48 / 58 X 50 BAGUS HARGA GUDANG,Rp3.700
Refill Label Thermal Motif Kertas Sticker Nimbot D11 D110 D101 H1S,Rp94.250
CUSTOM LABEL SEMICOATED 100 x 100 mm & THERMAL 30 X 20 mm,Rp610.000
PRINTER BARCODE THERMAL / LABEL PRINTER XPRINTER XP-360B - USB -STIKER,Rp765.000
"Stiker Label Thermal 55x40mm 1 Line isi 220 Pcs Core 0,5""Gap Perforasi",Rp9.300
LABEL THERMAL - STIKER THERMAL - RESI BARCODE 100 X 150 MM = 300 pcs,Rp28.500
LABEL THERMAL 76X100 MM 76 X 100 CORE 1/2 INCH 78X100 ISI 100 PCS,Rp12.000
"Label Barcode PERDUS 100x150mm thermal (10cmx15cm isi 20roll Core 1"")",Rp603.000
Label Barcode Thermal ukuran 50x20 mm ISI 2000,Rp60.000
Kertas Thermal 100 x 150 mm 500 pcs Stiker Label Barcode A6 - Roll,Rp47.000
"Stiker Label Thermal TIMBANGAN DIGITAL 40 X 45 mm | CORE 1,5""",Rp14.300
KERTAS STICKER LABEL PRINTER BARCODE 78 X 100 MM - 1 LINE - THERMAL,Rp30.500
LABEL BARCODE 100×150mm KERTAS STICKER THERMAL 10×15cm/4×6 inch,Rp55.000
"Label Sticker Barcode Thermal 33 x 15 mm 2 Line Isi 2000 pcs Core 1""",Rp21.000
Kertas Stiker Thermal 100X150mm / Label 100x150mm 1 KARTON 350PCS,Rp1.017.000
Label Sticker THERMAL ROLL Barcode Resi Online Shop 500pcs Rusfet,Rp34.500
LABEL THERMAL STIKER 80mm x50mm LABEL STICKER DIRECT THERMAL 80x50,Rp13.000
Stiker Thermal Label Barcode/Label Resi Thermal 100 x 150mm,Rp10.500
Stiker Label Thermal Printer Resi Sticker Barcode POS A6 10x15cm / DUS,Rp552.000
Stiker Kertas Label Barcode Thermal ukuran 30x20mm - 30 x 20 mm,Rp17.500
Stiker Label Resi Pengiriman Marketplace 78x100 mm Thermal skala A6 A7,Rp33.000
A. LABEL THERMAL STIKER 80 x 100 mm STICKER DIRECT THERMAL 80x100 -1,Rp24.000
Label Thermal Stiker 50X25 mm Kertas Sticker 50 x 25 isi 5000 pcs,Rp75.000
LABEL STIKER BARCODE THERMAL 50 X 30 - 50X30 @1000 1LINE,Rp32.000
Label thermal label stiker barcode label pengiriman 100x150 / 250 pcs,Rp22.500
Kertas kasir thermal stiker label 58/57x30,Rp3.880
LABEL THERMAL 78 X 100 KERTAS STICKER BARCODE 78x100 mm Isi 300 Pcs,Rp17.550
LABEL STICKER THERMAL RESI POS 100x150 mm TERMAL STIKER KERTAS ISI 250,Rp22.500
Stiker Label Thermal 50x20 50 x 20 XPrinter ETIKET Rumah Sakit Barcode,Rp24.500
KERTAS STICKER THERMAL 58 MM cocok untuk printer Label 58MM,Rp9.500
100x100 mm isi 500pcs Label Resi LITE BLUEPRINT Direct Thermal Sticker,Rp49.750
Kertas Label Barcode 80x100mm - Stiker Label Thermal 80mm - 500 PCS,Rp37.800
Blueprint Stiker Label Barcode 55 x 40mm Thermal 1 line isi 220 pcs,Rp9.300
Codeshop Stiker Label Barcode 100x50 mm Thermal 1 Line isi 1000 Pcs,Rp67.500
STIKER LABEL BARCODE THERMAL uk. 78 X 100 | 78X100 | 78mm X 100mm @300,Rp25.000
LABEL STIKER BARCODE 80X40 MM LABEL Thermal 8X4 CM 1000 PCS,Rp51.000
LABEL THERMAL - STIKER THERMAL - RESI BARCODE 100 X 60 MM = 500 pcs,Rp48.500
LABEL STICKER THERMAL 10X10,Rp55.000
LABEL THERMAL - STIKER THERMAL - RESI BARCODE 100 X 150 MM = 500 pcs,Rp47.500
KERTAS THERMAL 100X150 500PCS / KERTAS LABEL STICKER BARCODE A6,Rp41.000
"33X15mm 1Line 1000pcs,Direct Thermal Gap3mmCORE1""Label stiker Barcode",Rp13.550
Label Direct Thermal Polos Putih Untuk Niimbot D11 Ukuran Bervariasi,Rp191.000
Stiker Label Thermal 100x150 mm 1 Line isi 500 Pcs Gap 2mm Perforasi,Rp27.720
Printer Thermal Label BIXOLON SLP DX220 USB,Rp500.000
BARCODE PRINTER ALAMAT / LABEL THERMAL USB/BLUETOOTH + HOLDER 110MM A6,Rp759.000
LABEL THERMAL - STIKER THERMAL - RESI BARCODE 100 X 150 MM = 300 pcs,Rp28.500
LABEL THERMAL 76X100 MM 76 X 100 CORE 1/2 INCH 78X100 ISI 100 PCS,Rp12.000
"Label Barcode PERDUS 100x150mm thermal (10cmx15cm isi 20roll Core 1"")",Rp603.000
Label Barcode Thermal ukuran 50x20 mm ISI 2000,Rp60.000
Kertas Thermal 100 x 150 mm 500 pcs Stiker Label Barcode A6 - Roll,Rp47.000
 Label Harga 50 x 50 / 50x50 mm / 50x50mm Thermal isi 500 Pcs Stiker,Rp20.000
Label stiker thermal barcode 53 x 5 m / label thermal 53 x5 m,Rp5.500
PRINTER RESI THERMAL LABEL KASSEN DT 369 - BLUETOOTH PRINTER THERMAL,Rp750.000
KERTAS THERMAL BARCODE LABEL STICKER 33x15mm 2000 PCS - 2 Line,Rp53.000
Termurah 55x20 (1 PACK) Kertas Thermal Sticker Barcode Stiker Label,Rp151.000
Label Thermal Expedisi 100 x 150 | Label Thermal 100150 | Core 1 Inch,Rp30.000
Label Thermal Sticker Kertas Printer Resi Stiker Barcode POS DUS - Label 10x15 200,Rp552.000
Stiker Label Thermal Paper Stiker Barcode Printer Resi Kertas POS A6 - Paper 80x40mm,Rp3.650
Label Kertas Stiker Thermal Resi Paper Barcode sticker printer POS - Label 10x15 300,Rp28.500
"Printer Barcode Thermal Label Printer Kertas Struk Kasir RUSFET - Stiker, Stiker 57x30",Rp3.650
Lite Direct Thermal Sticker 100 x 150 isi 200 Blueprint Label Online,Rp29.600
Label Barcode 74 X 30 m Continuous Bahan Thermal 80 x 30 m,Rp38.000
"Label Barcode Direct Thermal 27 x 15 mm,2 baris , isi 2000 thermal A",Rp20.500
Label Direct Thermal 80x120mm 1 Line isi 300 pcs Core 1 Gap Perforasi,Rp43.000
Label Direct Thermal 76x100mm 1 Line isi 100 pcs Coreless Gap,Rp15.300
Label Stiker Kertas Printer Barcode Thermal 50x30mm 1 Line Warna,Rp49.345
Label Thermal 100x150 Kertas Sticker Receipt Printer Barcode Xpinter - Roll,Rp69.000
Stiker Label Thermal Printer Resi Sticker Barcode POS A6 10x15cm / DUS - Label 10x15 200,Rp552.000
Label Thermal Paper Sticker Kertas Printer Resi Stiker Barcode POS - Label 10x15 200,Rp23.000
Sticker Thermal Paper Label Kertas Printer Resi Stiker Barcode POS - Paper 57x40,Rp2.350
Round Thermal Label Sticker Niimbot D11 D110 D101 H1S Refill Label,Rp783.000
Label Thermal 100 x 50 / 100x50 mm / 100x50mm 1 Line 500pcs Resi,Rp38.000
Codeshop Label Thermal 33 x 15 mm 1 Line isi 1000 pcs Core 1 inch,Rp11.500
Codeshop Label Thermal 80 x 120 mm 1 Line isi 500 pcs Core 1 inch,Rp70.000
Kertas Stiker Label Barcode Thermal ukuran 50x20mm - 50 x 20 mm 50x20,Rp15.000
Label Stiker Thermal 80mm x 10m sticker thermal printer 80mm x 50mm,Rp12.249
Stiker Label Thermal Paper Sticker Barcode Printer Resi Kertas POS - Paper 57x40,Rp2.350
"Print & Cut Sticker Chromo A3+, Cetak Stiker Kromo / Bontax A3 GROSIR!",Rp5.000
Custom Printing Cutting Sticker RITRAMA/ORACAL TERBAIK,Rp850
Kertas Stiker Thermal UK 77 x 30 MM PERIPAGE /PAPERANG / PRINTER 80 MM,Rp5.000
Blueprint Lite Direct Thermal Sticker 80×80mm isi 500pcs Label Resi,Rp35.600
LABEL STIKER THERMAL UKURAN 15mm x 33mm 2LINE ISI 2000 PCS,Rp30.000
Label Thermal Continuous 74x30 m Stiker Printer Epson Panda,Rp38.000
Label 100 x 50 / 100x50 mm / 100x50mm Thermal 500 Pcs 1 Line Gap 2mm,Rp38.000
Codeshop Stiker Label Barcode 80x120 mm Thermal 1 Line isi 500 Pcs,Rp70.000
E-Print Glossy Sticker Paper A4 / Kertas Stiker Label Glossy Eprint A4,Rp32.500
"Cetak Stiker Cromo/ Sticker / Chromo, Kromo A3+ (Print + Kiss Cut)",Rp4.500
Custom Print Sticker Vinyl per meter dan cutting,Rp65.000
"LABEL STICKER THERMAL ROLL KERTAS MESIN PRINT RESI 10 CM x 15 CM - 10CM X 15CM, 200 Pcs",Rp23.000
Print Sticker Vinyl / Transparan A3+ TANPA Cutting! Cetak Stiker Label,Rp7.000
Direct Thermal Sticker / Label Stiker BLUEPRINT 100x150 mm Isi 400 pcs,Rp72.000
Stiker Label Thermal 60x30 mm 1000pcs Stiker Etiket 6 x 3 cm,Rp55.000
Kertas Thermal 78x100 mm isi 300 Pcs/ Label thermal barcode Olshop,Rp72.100
LABEL STIKER THERMAL BARCODE 80X100MM 80MM - THERMAL 80MM - ISI 500PCS,Rp60.000
Label Thermal 4X6 J&T 2 Rangkap 100x150 mm 300pcs Sticker Resi JNT,Rp27.000
Label Stiker Kertas Printer Barcode Thermal 33x15mm 3 Line 3000pcs,Rp35.945
LABEL THERMAL100x150 Kertas Sticker Receipt Printer Barcode Termal A6,Rp39.000
Thermal Printer Stiker Label Resi Sticker Barcode POS A6 10x15cm / DUS - Label 10x15 300,Rp684.000
Label Thermal 100x150mm Kertas Sticker Barcode Printer 743,Rp75.000
Label Thermal Paper Sticker Kertas Printer Resi Stiker Barcode POS DUS - Paper 80x40,Rp182.500
✾ LABEL THERMAL 50 X 80 KERTAS STICKER BARCODE 50x80 mm (500 Pcs),Rp35.000
Label Stiker Kertas Thermal 100mm x 150mm A6 500 pcs,Rp52.000
Paket Thermal Label Sticker Stiker Resi Barcode 40x30 isi 1000 x6 Pcs,Rp109.200
Codeshop Stiker Label Barcode 80 x 100 mm Thermal 1 line isi 500  Pcs,Rp58.000
Label Direct Thermal 78x100mm / 78x100 / 78 x 100 mm  300 Pcs,Rp33.000
"Label Thermal 78x100 mm 78 x 100 core 1"" inch isi 300 pcs - NON PREMIUM",Rp22.950
KERTAS STICKER LABEL THERMAL 78 X 100 MM - 1 LINE - DIRECT THERMAL,Rp37.800
Kertas Sticker Label Thermal Resi 100x150 mm | Isi 500 Lembar per Roll,Rp38.500
LABEL THERMAL PAPER A6 300PCS | KERTAS STIKER RESI BARCODE 100X150MM,Rp28.500
Label Stiker Thermal Paper A6 10x15mm 100x150 cm Sticker Barcode Resi - Label 10x15 500,Rp42.500
Per Roll - Label Thermal Sticker Roll 100x150 A6 - Isi 500 pcs ,Rp38.000
Label Thermal 55 x 40 / 55x40 mm / 55x40mm 1 Line Blueprint Sticker,Rp9.500
Label Thermal 30 x 20 / 30x20 mm / 30x20mm / 3 x 2 cm 800 pcs,Rp11.000
(1 Pack) Label Barcode 100 X 150 Kertas Sticker Thermal 100X150 Mm,Rp878.000
Direct Thermal Sticker Label Resi BLUEPRINT Lite 100x150 mm 200Pcs,Rp31.000
KERTAS THERMAL ROLL STICKER LABEL PRINT RESI 10 X 15 CM isi 300 pcs,Rp28.500
Label Thermal 100 x 150 mm isi 500 pcs label sticker resi,Rp65.000
Kertas Thermal Sticker Label BLUEPRINT 58 mm Continuous @40mm - 1 Roll,Rp8.500
Kertas Label Stiker Printer Bluetooth Thermal ( 58 x 33 mm / 5 M ),Rp6.500
Label Thermal Continuous 80mm x 30 meter - 74mm x 30 mtr -Printer 80mm,Rp30.000
Stiker Label Thermal 80 x 100 mm 1 Line isi 500 Pcs Cetak Resi,Rp58.000
Kertas Label Struk Harga Price Tag Toko Solasi Thermal Serbaguna Refil,Rp7.000
Printer Barcode Kassen DT-643 - Cetak Label Thermal,Rp1.065.000
Stiker Thermal 78mm X 10mtr continous Printer Kasir 80mm Label barcode,Rp16.700
Label Thermal 100x150 mm Stiker Resi Barcode Zebra Postek,Rp85.000
Kertas Thermal Label Sticker Continuous Resi 57 x 30 Coreless 8 MM,Rp5.700
LABEL THERMAL 78X100 MM STICKER BARCODE ISI 100 PCS TERMURAH,Rp5.000
Kertas Thermal Label Sticker Continuous Resi 57 x 37 Coreless 8 MM,Rp8.200
Kertas Thermal Label Sticker Continuous Resi 57 x 25 Coreless 8 MM,Rp4.000
LABEL DIRECT THERMAL 78X100 MM ISI 500 BARCODE XPrinter RESI 78 X 100,Rp49.500
Codeshop Label Thermal 60 x 40 mm 1 Line isi 500 pcs Core 2 inch,Rp19.500
"Thermal Barcode 100x100 100x150 78x100 Roll 500pcs, Kertas Resi Label",Rp29.500
Label Direct Thermal 55x30mm / 55x30 / 55 x 30 mm 280 Pcs,Rp9.500
500 Lembar - Kertas Thermal Stiker Label Resi 100x150 mm Sleman Jogja,Rp57.000
Favorit Kertas Stiker Label Thermal 53mm x 30M / 53x30 / 53x30M -,Rp32.000
"STRUK THERMAL STIKER UK 57 X 30 MM printer bloutouth ,bisa di tempel y - 57 x 30",Rp3.900
THERMAL 78X100 MM ISI 250 KERTAS LABEL BARCODE XPrinter XP-360B XP365B,Rp24.900
LABEL Thermal 33x15mm - Label Thermal 33x15 1Line-Label Thermal 1000pc,Rp10.900
Kertas Thermal 10x15cm / Label Direct Thermal Barcode untuk Pengiriman - Plastik,Rp39.000
STICKER LABEL PRINTER THERMAL 33X15 KERTAS THERMAL 1300 PCS 2 LINE - Biru,Rp23.000
Label Barcode Thermal 2 Line 33x15mm [3000 PCS],Rp28.000
DIRECT THERMAL STICKER LABEL BLUEPRINT 55mm X 40mm X 1 Line (10Roll),Rp95.000
Label Barcode CF MURAH 100 x 150 A6 kertas stiker thermal 500 pcs,Rp46.000
1 Dus Label Stiker Thermal 100x50mm / 100 x 50 / 100x50 mm A6 500 Pcs,Rp960.000
Codeshop Stiker Label Barcode 60 x 40 mm Thermal 1 line isi 500  Pcs,Rp19.000
New H1S Niimbot Thermal Continous Gap Label Printer Stiker Portable - Refill White,Rp67.500
LABEL BARCODE THERMAL 55 X 40 MM - DIRECT THERMAL- 1 LINE - 1.000 PCS,Rp30.100
"Label Resi Thermal Stiker Thermal 100x150mm Label Baracode Thermal - 100 x 150mm, 500pcs",Rp42.500
"Label Stiker Thermal Xprinter uk 50 x 25 | 50x25 isi 1000 pcs core 1""",Rp16.010
Refill Sticker Label Thermal NIIMBOT D110 D11 Colored Clear Series - 14 snow,Rp72.500
label barcode direct thermal 33x15 - 33 x 15 mm - 2 baris - isi 5000 A,Rp37.000
LABEL DIRECT THERMAL Uk 50 X 15 / 50X15 MM / 50X15MM STIKER BARCODE,Rp13.000
"Label Barcode 40x20 mm 40 x 20 2 line core 1"" inch isi 2000 p- Thermal",Rp30.150
HONEYWELL PC42D PRINTER LABEL STIKER BARCODE DAN RESI OLSHOP THERMAL,Rp950.000
Label Resi Thermal Sticker 100 x 150 mm (A6) isi 250 pcs,Rp25.000
LABEL THERMAL PAPER A6 500PCS | KERTAS STIKER RESI 100X150MM - RUSFET,Rp42.500
KERTAS THERMAL ROLL STICKER LABEL PRINT RESI 100 mm x 150 mm,Rp23.000
"Stiker Thermal Label Resi Thermal Paper Struk Thermal Struk Kasir - Stiker, Stiker 57x30",Rp3.650
"Label thermal stiker thermal paper thermal kertas struk kasir rusfet - STIKER THERMAL, STIKER 57X30",Rp3.650
Label roll thermal stiker thermal rusfet satuan 500pcs resi online,Rp34.500
A. STICKER LABEL THERMAL PAPER A6 | KERTAS STIKER RESI | LABEL STRUCK,Rp58.000
Printer Thermal Label Barcode A6 Honeywell Pc42t Usb Lan,Rp2.250.000
Label Thermal Uk 50mm x 70mm,Rp27.500
Label Thermal 50x20mm - 50x20 - 50 x 20mm Thermal Xprinter,Rp20.000
LABEL BARCODE DIRECT THERMAL 40 X 20 MM 4 X 2 CM - 2 BARIS - 2.000 P A,Rp30.010
Label Sticker THERMAL ROLL Barcode Resi Online Shop 500pcs Rusfet,Rp34.500
LABEL THERMAL STIKER 80mm x50mm LABEL STICKER DIRECT THERMAL 80x50,Rp13.000
Stiker Thermal Label Barcode/Label Resi Thermal 100 x 150mm,Rp10.500
Stiker Label Thermal Printer Resi Sticker Barcode POS A6 10x15cm / DUS,Rp552.000
Stiker Kertas Label Barcode Thermal ukuran 30x20mm - 30 x 20 mm,Rp17.500
Label Thermal 50 x 20 / 50x20 mm / 50x20mm / 5 x 2 cm 1000 pcs,Rp19.000
LABEL STIKER THERMAL 50X20 / 50MM X 20MM @1000 UTK XPRINTER,Rp20.000
Label Thermal Stiker 100x150 / 10CM x 15CM Isi 500 Pcs,Rp110.000
LABEL BARCODE JNE WAHANA POS 102 x 127 MM 1LINE ISI 500PCS ( THERMAL ),Rp75.000
Direct Thermal Sticker Label Barcode Blueprint 50x20x1 Line isi 1000,Rp14.500
Kertas kasir thermal stiker label 58/57x30,Rp3.880
LABEL THERMAL 78 X 100 KERTAS STICKER BARCODE 78x100 mm Isi 300 Pcs,Rp17.550
LABEL STICKER THERMAL RESI POS 100x150 mm TERMAL STIKER KERTAS ISI 250,Rp22.500
Stiker Label Thermal 50x20 50 x 20 XPrinter ETIKET Rumah Sakit Barcode,Rp24.500
KERTAS STICKER THERMAL 58 MM cocok untuk printer Label 58MM,Rp9.500
MESIN CETAK BARCODE RESI KASSEN DT-641 | DT641 | DT 641 LABEL THERMAL,Rp1.050.000
Kertas Label Printer Barcode XPrinter 360B Thermal 70x50mm 70x50 mm,Rp22.000
Label Barcode Thermal ukuran 70x40mm Isi 1000 pcs,Rp39.000
Direct Thermal Sticker Label Online Shop BLUEPRINT 78x100mm isi 300Pcs,Rp30.000
Thermal Direct Label/Kertas Label Stiker Blueprint/Kertas CetakResi,Rp1.174.000
LABEL STIKER BARCODE 80X40 MM LABEL Thermal 8X4 CM 1000 PCS,Rp51.000
LABEL THERMAL - STIKER THERMAL - RESI BARCODE 100 X 60 MM = 500 pcs,Rp48.500
LABEL STICKER THERMAL 10X10,Rp55.000
KERTAS THERMAL 100X150 500PCS / KERTAS LABEL STICKER BARCODE A6,Rp41.000
LABEL THERMAL - STIKER THERMAL - RESI BARCODE 100 X 150 MM = 500 pcs,Rp47.500
1 Dus 24 Roll Label Barcode 50 x 25 Direct Thermal 50x25mm 800 Pcs,Rp703.200
Kertas Sticker Label Barcode Direct Thermal 2 Line 33x15mm [3000 PCS],Rp28.000
100X150 Resi Label Pengiriman A6 Kertas Thermal Sticker Barcode,Rp58.000
Label Thermal 50X40 50 X 40 Timbangan Digital Sticker Buah Sayur Snack,Rp14.800
Stiker Label Barcode 100 x 50 mm Thermal 1 line isi 500 Pcs,Rp38.000
LABEL THERMAL - STIKER THERMAL - RESI BARCODE 100 X 150 MM = 300 pcs,Rp28.500
LABEL THERMAL 76X100 MM 76 X 100 CORE 1/2 INCH 78X100 ISI 100 PCS,Rp12.000
"Label Barcode PERDUS 100x150mm thermal (10cmx15cm isi 20roll Core 1"")",Rp603.000
Label Barcode Thermal ukuran 50x20 mm ISI 2000,Rp60.000
Kertas Thermal 100 x 150 mm 500 pcs Stiker Label Barcode A6 - Roll,Rp47.000
Kertas Thermal A6 100 X 150 | Label Termal | Kertas Sticker | (500Lbr),Rp41.500
GROSIR KERTAS THERMAL STIKER LABEL 80 mm x 6 meter LABEL CONTINUOUS,Rp9.900
STICKER LABEL THERMAL 50x20MM ISI 1.000PCS - STICKER BARCODE/ RESI,Rp50.000
"40x30mm 1Line 500pcs,Gap Core 1"" Direct Thermal,Label Stiker Barcode",Rp18.400
Argox OS 200 / OS200 / OS-200 Printer Label Thermal,Rp2.875.000
Label Thermal Expedisi 100 x 150 | Label Thermal 100150 | Core 1 Inch,Rp30.000
Label Thermal Sticker Kertas Printer Resi Stiker Barcode POS DUS - Label 10x15 200,Rp552.000
Stiker Label Thermal Paper Stiker Barcode Printer Resi Kertas POS A6 - Paper 80x40mm,Rp3.650
Label Kertas Stiker Thermal Resi Paper Barcode sticker printer POS - Label 10x15 300,Rp28.500
"Printer Barcode Thermal Label Printer Kertas Struk Kasir RUSFET - Stiker, Stiker 57x30",Rp3.650
"Stiker Label Thermal 74x5m Continuous Tanpa Core 2"" Gap",Rp8.500
VALQO Kertas Stiker Label Resi Ukuran A6 Thermal isi 500 Lembar,Rp95.000
Label Thermal 60x40 mm Stiker Printer Barcode Zebra Gprinter,Rp19.000
Printer Barcode Label Direct Thermal Xprinter XP-464B Usb+Bluetooth A6,Rp880.000
Label Thermal Stiker Thermal Label Printer Kertas Struk Kasir RUSFET,Rp2.350
LABEL RESI STICKER THERMAL 80mm X 30 METER CASHIER PRINTER KASIR,Rp42.000
CETAK STICKER CUSTOM PRINT UV DTF A4 A5 - 5x5cm,Rp6.250
"Digital Printing Sticker Ritrama, Print Stiker Vinyl Meteran, Bandung - TANPA Laminasi",Rp75.000
Cetak Stiker | Print Sticker Label Metallic Silver Gold A3+ KISS CUT,Rp17.000
"Print & Cut Sticker Kraft Paper A3+, Cetak Stiker Kertas Kraft Murah",Rp9.000
Label Thermal 100 x 45 M setara kertas 100 x 45 mm Printer Bluethoot,Rp12.000
 Label Harga Produk Stiker Thermal 33x15 mm 1 Line 1000 Barcode Retail,Rp11.500
STIKER BARCODE LABEL KERTAS DIRECT THERMAL UK 100 X 150 MM NON RIBBON,Rp57.000
Sticker Label Thermal 80mm x 45mm 10 meter Continues / Tanpa Gap,Rp14.000
Label Thermal 100x120 mm isi 250 Stiker Printer Datamax TSC SATO,Rp40.000
Label Thermal 100x150mm Kertas Sticker Barcode Printer 743,Rp75.000
Label Thermal Paper Sticker Kertas Printer Resi Stiker Barcode POS DUS - Paper 80x40,Rp182.500
Stiker Label Thermal Printer Resi Sticker Barcode POS A6 10x15cm - Label 10x15 200,Rp23.000
Label Thermal Paper Sticker Kertas Printer Resi Stiker Barcode POS - Paper 57x40,Rp2.350
Label Thermal Sticker Kertas Printer Resi Stiker Barcode POS DUS - Label 10x15 200,Rp552.000
"thermal 60x30mm 1line 500pcs gap2mm,core1"" label sticker barcode",Rp28.700
Thermal Label Stiker Niimbot B21 B1 B3S Sticker Refill Label - Clear,Rp139.500
Sticker Label Barcode Thermal 76x100 mm Isi 100 Pcs 1 Line Core 1 Inch,Rp15.300
KERTAS THERMAL LABEL STICKER 100X150 300PCS BARCODE UKURAN A6,Rp29.000
LABEL BARCODE XPrinter XP-360B Uk. 60 X 30 THERMAL 60X30 MM ( 1 LINE ),Rp14.000
Sticker Barcode Thermal Printer Stiker Label Resi POS A6 10x15cm - Label 10x15 500,Rp42.500
KERTAS STICKER LABEL PRINTER BARCODE 78 X 100 78x100 DIRECT THERMAL,Rp50.000
Stiker Label Thermal Paper Sticker Barcode Printer Resi Kertas POS - Label 10x15 200,Rp23.000
Label Stiker Kertas Printer Barcode Thermal 50x30mm 1 Line Warna,Rp49.345
Label Thermal 100x150 Kertas Sticker Receipt Printer Barcode Xpinter - Roll,Rp69.000
ZL888 Label Thermal 78x95 80x100 76x120 80x120 Kertas Sticker Thermal,Rp48.000
"label sticker thermal 33x15,2 kolom,premium topcoat,tidak luntur,2000p",Rp16.800
LABEL STIKER THERMAL TIMBANGAN DIGITAL 5x4cm - 50x40mm 5 x 4 50 x 40,Rp25.000
LABEL THERMAL 33X15 33 X 15 - 2 LINE - 3.000 STICKER,Rp25.500
"70x50mm 1Line 400pcs,gap 2mm,direct thermal label sticker barcode",Rp42.800
EXILO Sticker Vinyl Roll White Gloss Eco Solvent UV Print P 50m - 1.06 X 50 M,Rp650.000
Kertas Stiker Thermal 80 mm x 10 meter Printer Thermal 80 - non stiker,Rp5.000
[A4 LABEL/PRINT] KERTAS STIKER / STICKER KRAFT / COKLAT - ISI 50 lbr,Rp43.500
Print Sticker | Cetak Stiker Chromo/HVS A3+ - HVS,Rp3.500
Label Stiker Thermal 50 mm x 30 mm 3 warna pas untuk printer peripage - Merah Muda,Rp18.000
STIKER BARCODE LABEL THERMAL 70 X 40 - 70X40MM - 7 X 4 CM - 1.000 PCS,Rp41.200
LABEL STICKER THERMAL 50 X 30MM MINI MOBILE PRINTER BLUETOOTH MOKA POS,Rp6.800
Label Thermal Continous 58mm x 30mm (4 meter),Rp12.000
LABEL BARCODE THERMAL 8cm uk 78 x 95 mm,Rp29.700
Direct Thermal Sticker Label 70 x 30mm Blueprint Label Barcode,Rp12.100
"Label Thermal 78x100 mm 78 x 100 core 1"" inch isi 300 pcs - NON PREMIUM",Rp22.950
KERTAS STICKER LABEL THERMAL 78 X 100 MM - 1 LINE - DIRECT THERMAL,Rp37.800
Label Thermal 78x100mm - 78x100 78 x 100 mm (1 LINE) Kertas Sticker,Rp30.500
Kertas Sticker Label Thermal Resi 100x150 mm | Isi 500 Lembar per Roll,Rp38.500
LABEL THERMAL PAPER A6 300PCS | KERTAS STIKER RESI BARCODE 100X150MM,Rp28.500
Direct Thermal Sticker Label Online Shop Blueprint 100 x150 mm 200 pcs,Rp33.000
Label Barcode Direct Thermal 1 Kolom 100x150mm [500 PCS],Rp45.000
LABEL STICKER THERMAL Online Shop 100 X 150 BARCODE 500 lembar,Rp69.300
Brady BP-PR300+ Brady Pr300Plus Standard 300Dpi Thermal Label Printer,Rp13.000.000
C X2 Direct Thermal Sticker 60 X 40 Blueprint Label Stiker 60X40 Mm 1,Rp61.000
Sticker Label Thermal Paper A6 100x150mm 10x15cm Stiker Barcode Resi,Rp23.000
KERTAS THERMAL ROLL STICKER LABEL PRINT RESI 10 X 15 CM isi 300 pcs,Rp28.500
Label Thermal 100 x 150 mm isi 500 pcs label sticker resi,Rp65.000
Kertas Thermal Sticker Label BLUEPRINT 58 mm Continuous @40mm - 1 Roll,Rp8.500
Kertas Label Stiker Printer Bluetooth Thermal ( 58 x 33 mm / 5 M ),Rp6.500
Kertas Thermal 150X100Mm (A6) Label Barcode Jnt 1 Dus Isi 12 Roll 150,Rp483.000
Kertas Label Thermal 100X150 A6 Sticker Barcode Gojek Grab,Rp1.365.000
Label Thermal 100X150 A6 Kertas Label Thermal 10X15 Gojek Grab,Rp1.326.000
Label Sticker Barcode Thermal 60x40 mm 1 line 750 pcs,Rp35.000
Kertas Sticker Thermal Label Stiker Barcode 500PCS 100x150 10x15 cm A6,Rp62.400
Label Barcode 78x100 Isi 300 Thermal XP-360B,Rp27.000
LABEL DIRECT THERMAL 78X100 MM ISI 500 BARCODE XPrinter RESI 78 X 100,Rp49.500
LABEL BARCODE THERMAL 33X25 MM,Rp41.400
"Kertas Thermal 100x100 isi 500 pcs, Label Bacode,Thermal Label 100x100",Rp46.000
"Kertas thermal label thermal struk kasir printer rusfet dus Ojol - Paper, Paper 80x40",Rp182.500
XPRINTER XP-318B Printer Thermal Label Barcode Receipt Bluetooth 80mm,Rp784.000
Stiker Thermal Label Barcode/Label Resi Thermal 280 x 60mm (OB),Rp150.000
LABEL STIKER BARCODE KERTAS STICKER THERMAL 50x30M,Rp39.000
Label Stiker Barcode Thermal 80x100 | 80 x 100 | 80mm x 100mm Polos,Rp58.000
Label Printer Barcode Thermal 50x30mm 1 Roll 1000 Pcs Direct Thermal,Rp29.900
Kertas Thermal 100x150mm / Label Barcode / Kertas Thermal Resi,Rp42.500
LABEL STIKER THERMAL 60 X 40 - 60 X 40 MM LABEL XPRINTER X-360,Rp18.500
"Kertas Label Termal Paper Thermal Printer Struk Kasir Barcode Coreless - 57x30mm - 6,6m",Rp1.500
"STRUK THERMAL STIKER UK 57 X 30 MM printer bloutouth ,bisa di tempel y - 57 x 30",Rp3.900
THERMAL 78X100 MM ISI 250 KERTAS LABEL BARCODE XPrinter XP-360B XP365B,Rp24.900
Kertas Thermal Label Sticker 78mm x 100mm 1 Roll Isi 300 Pcs,Rp37.500
Label Thermal 100 X 150 Isi 500 Pcs Per Roll - 1 Dus Isi 24 Roll -,Rp1.628.000
PRINTER BARCODE LABEL THERMAL STIKER RESI IWARE LP-T360 USB-BLUETOOTH,Rp658.000
LABEL STICKER 56x30M METER POS PRINTER THERMAL 56MM CONTINUES,Rp35.000
Label Thermal 100x120mm isi 500pcs/Sticker Thermal 10x12cm,Rp68.000
LABEL THERMAL 30 X 20 MM - 1 LINE - ISI : 1.000 PCS - HARGA PABRIK,Rp10.000
New H1S Niimbot Thermal Continous Gap Label Printer Stiker Portable - Refill White,Rp67.500
LABEL BARCODE THERMAL 55 X 40 MM - DIRECT THERMAL- 1 LINE - 1.000 PCS,Rp30.100
"Label Resi Thermal Stiker Thermal 100x150mm Label Baracode Thermal - 100 x 150mm, 500pcs",Rp42.500
"Label Stiker Thermal Xprinter uk 50 x 25 | 50x25 isi 1000 pcs core 1""",Rp16.010
"Direct Thermal Sticker , Kertas Label Stiker BLUEPRINT 55 x 30",Rp9.945
Label Thermal 76x100 mm Stiker Printer Barcode Blueprint Panda Zenpert,Rp15.300
LABEL THERMAL 80 X 30m ( 74mm x 30m) CONTINUOUS - PRINTER EPSON 80mm,Rp32.000
Codeshop Label Thermal 76x50 mm Coreless isi 200 Pcs Stiker Resi,Rp15.300
Label Thermal Barcode 80 X 50Mm Direct Thermal 80X50Mm 1 Line - Alamat,Rp101.000
LABEL THERMAL PAPER A6 500PCS | KERTAS STIKER RESI 100X150MM - RUSFET,Rp42.500
KERTAS THERMAL ROLL STICKER LABEL PRINT RESI 100 mm x 150 mm,Rp23.000
"Stiker Thermal Label Resi Thermal Paper Struk Thermal Struk Kasir - Stiker, Stiker 57x30",Rp3.650
"Label thermal stiker thermal paper thermal kertas struk kasir rusfet - STIKER THERMAL, STIKER 57X30",Rp3.650
Label roll thermal stiker thermal rusfet satuan 500pcs resi online,Rp34.500
LABEL THERMAL 100 X 100 KERTAS STICKER BARCODE 100x100 mm Isi 500 Pcs,Rp1.636.000
Bd! Kassen Btp 3200 Printer 80Mm Bluetooth Cetak Kertas Label Thermal,Rp1.455.000
Label Thermal 50x15 mm Stiker Printer Barcode Zebra Honeywell Argox,Rp16.500
KERTAS STICKER LABEL PRINTER BARCODE 78 X 100 MM |1 LINE -THERMAL|BRCD,Rp33.000
Blueprint Printer Barcode Thermal Label Resi A6 TD110BT USB+BLUETOOTH,Rp1.345.540
Label Sticker THERMAL ROLL Barcode Resi Online Shop 500pcs Rusfet,Rp34.500
LABEL THERMAL STIKER 80mm x50mm LABEL STICKER DIRECT THERMAL 80x50,Rp13.000
Stiker Thermal Label Barcode/Label Resi Thermal 100 x 150mm,Rp10.500
Stiker Label Thermal Printer Resi Sticker Barcode POS A6 10x15cm / DUS,Rp552.000
Stiker Kertas Label Barcode Thermal ukuran 30x20mm - 30 x 20 mm,Rp17.500
PRINTER LABEL BARCODE BLUETOOTH XP420B + 1 ROL THERMAL STICKER 100x150,Rp1.097.000
LABEL THERMAL 100X150 STICKER BARCODE ALAMAT KIRIM 100 X 150 300 PCS,Rp68.000
Niimbot Thermal Label-Original-Transparant-50x80 mm - 95pcs,Rp118.500
kertas thermal label barcode 100x 150mm A6 isi 500 lembar full premium,Rp41.500
Label Thermal 40x30mm 40 x 30 Stiker Barcode 40x30 mm isi 800 Pcs,Rp16.500
Kertas kasir thermal stiker label 58/57x30,Rp3.880
LABEL THERMAL 78 X 100 KERTAS STICKER BARCODE 78x100 mm Isi 300 Pcs,Rp17.550
LABEL STICKER THERMAL RESI POS 100x150 mm TERMAL STIKER KERTAS ISI 250,Rp22.500
Stiker Label Thermal 50x20 50 x 20 XPrinter ETIKET Rumah Sakit Barcode,Rp24.500
KERTAS STICKER THERMAL 58 MM cocok untuk printer Label 58MM,Rp9.500
LABEL THERMAL 100X150 STICKER BARCODE ALAMAT KIRIM 100 X 150 300 PCS,Rp53.000
Kertas Print Label Thermal 100x150 A6 500 Lembar,Rp48.500
label stiker thermal 58mm x 5 meter ( 53 x 5 mtr ) dengan core -tempel,Rp4.000
LABEL STICKER THERMAL 80 X 30 M PRINTER CASHIER EPSON TM-T82 MOKA POS,Rp77.000
Label Stiker Printer Kasir Thermal 58mm x 30Meter / 58 mm x 30 Meter,Rp30.000
LABEL STIKER BARCODE 80X40 MM LABEL Thermal 8X4 CM 1000 PCS,Rp51.000
LABEL THERMAL - STIKER THERMAL - RESI BARCODE 100 X 60 MM = 500 pcs,Rp48.500
LABEL STICKER THERMAL 10X10,Rp55.000
KERTAS THERMAL 100X150 500PCS / KERTAS LABEL STICKER BARCODE A6,Rp41.000
LABEL THERMAL - STIKER THERMAL - RESI BARCODE 100 X 150 MM = 500 pcs,Rp47.500
LABEL BARCODE 30mmx20mm KERTAS STIKER RESI THERMAL PRINTING ISI 5000,Rp65.000
Stiker Kertas Label Barcode Thermal 80x120mm / 8x12cm / 80x120 @500pcs,Rp61.000
LABEL BARCODE 100 X 100 mm KERTAS STICKER DIRECT THERMAL 100x100 500pc,Rp58.300
Xprinter XP-465B Printer Barcode Label Thermal 100mm Bluetooth A6,Rp753.000
Menarik LABEL THERMAL 78 x 100 KERTAS STICKER BARCODE 78x100mm Isi 300,Rp95.000
LABEL THERMAL - STIKER THERMAL - RESI BARCODE 100 X 150 MM = 300 pcs,Rp28.500
LABEL THERMAL 76X100 MM 76 X 100 CORE 1/2 INCH 78X100 ISI 100 PCS,Rp12.000
"Label Barcode PERDUS 100x150mm thermal (10cmx15cm isi 20roll Core 1"")",Rp603.000
Label Barcode Thermal ukuran 50x20 mm ISI 2000,Rp60.000
Kertas Thermal 100 x 150 mm 500 pcs Stiker Label Barcode A6 - Roll,Rp47.000
Label Thermal 30x20mm Codeshop 1 Line Core 1 Inch Isi 800pcs,Rp11.000
LABEL STIKER THERMAL UK. 53MM X 5M | 53X5meter CONTINUES U/ PRINTER BT,Rp5.500
KERTAS TERMAL LABEL CETAK PENGIRIMAN LIPAT // KERTAS THERMAL 100X150,Rp1.200.000
Brother Desktop Network Thermal Label and Barcode Printer PT-9800PCN,Rp5.999.000
Blueprint Direct Thermal Sticker Label 78x100mm isi 300Pcs,Rp30.000
Label Thermal Expedisi 100 x 150 | Label Thermal 100150 | Core 1 Inch,Rp30.000
Label Thermal Sticker Kertas Printer Resi Stiker Barcode POS DUS - Label 10x15 200,Rp552.000
Stiker Label Thermal Paper Stiker Barcode Printer Resi Kertas POS A6 - Paper 80x40mm,Rp3.650
Label Kertas Stiker Thermal Resi Paper Barcode sticker printer POS - Label 10x15 300,Rp28.500
"Printer Barcode Thermal Label Printer Kertas Struk Kasir RUSFET - Stiker, Stiker 57x30",Rp3.650
CGKR Kertas Sticker Thermal Label Resi Ekspedisi 500 pcs 100x150,Rp61.000
Stiker Kertas Label Barcode Thermal Ukuran 80 x 100 mm - isi 500 pcs,Rp50.000
Kertas Papper Stiker Label Printer Thermal 80x50 mm atau 8 cm x 5 cm,Rp26.000
[Dijual] KERTAS LABEL STICKER JNE 102 X 127 BARCODE THERMAL 102X127MM,Rp113.000
1 Slop Isi 10 Label Continous 100 x 45 Meter Thermal 100x45Meter,Rp29.000
Label Stiker Kertas Printer Barcode Thermal 50x30mm 1 Line Warna,Rp49.345
Label Thermal 100x150 Kertas Sticker Receipt Printer Barcode Xpinter - Roll,Rp69.000
Stiker Label Thermal Printer Resi Sticker Barcode POS A6 10x15cm / DUS - Label 10x15 200,Rp552.000
Label Thermal Paper Sticker Kertas Printer Resi Stiker Barcode POS - Label 10x15 200,Rp23.000
Sticker Thermal Paper Label Kertas Printer Resi Stiker Barcode POS - Paper 57x40,Rp2.350
LABEL THERMAL BARCODE 33x19 mm DIRECT THERMAL 33x19mm 1 LINE - HARGA,Rp30.100
NEW PRODUCT THERMAL CABLE LABEL STICKER NIIMBOT B21 REFILL LABEL -,Rp865.000
"Label Stiker Thermal 60x40mm 60x40 Timbangan 60 x 40 mm Core 1,5 Inch",Rp17.000
"PROMO 1 BOX, 100x150 mm STICKER DIRECT THERMAL LABEL BARCODE [250 PCS]",Rp300.300
LABEL THERMAL 100x150 mm A6 250 Pcs,Rp25.000
Label Thermal 100x150mm Kertas Sticker Barcode Printer 743,Rp75.000
Label Thermal Paper Sticker Kertas Printer Resi Stiker Barcode POS DUS - Paper 80x40,Rp182.500
Stiker Label Thermal Printer Resi Sticker Barcode POS A6 10x15cm - Label 10x15 200,Rp23.000
Label Thermal Paper Sticker Kertas Printer Resi Stiker Barcode POS - Paper 57x40,Rp2.350
Label Thermal Sticker Kertas Printer Resi Stiker Barcode POS DUS - Label 10x15 200,Rp552.000
Stiker & Label - Label Direct Thermal 70X50 Isi 1000Pcs Stiker Barcode,Rp69.000
LABEL THERMAL STIKER 80mm x50mm LABEL STICKER DIRECT THERMAL 80x50,Rp49.490
Label Direct Thermal 40x30mm / 40x30 / 40 x 30 mm / 4x3 cm 1000 Pcs,Rp21.000
Label Thermal Kertas Stiker Thermal 100x150 / 10 x 15 Cm Isi 500 Pcs,Rp65.500
Stiker Label Barcode 40 x 30 mm Thermal 1 line isi 1000 Pcs,Rp20.000
Custom Print Sticker Vinyl per meter dan cutting,Rp65.000
"LABEL STICKER THERMAL ROLL KERTAS MESIN PRINT RESI 10 CM x 15 CM - 10CM X 15CM, 200 Pcs",Rp23.000
Print Sticker Vinyl / Transparan A3+ TANPA Cutting! Cetak Stiker Label,Rp7.000
Niimbot D101 Kertas Label Thermal Anti Air Untuk Printer sticker - Kucing 25x42,Rp63.000
Print Cetak Sticker Cromo / HVS / Vinyl / Transparant A3+ | PRINT ONLY - CROMO,Rp4.000
Stiker Kertas Label Barcode Thermal ukuran 60x30mm - 60 x 30 mm,Rp25.000
PRINTER BLUETOOTH THERMAL 58MM RPP02 CETAK RESI LABEL DAN STRUK (USB),Rp235.000
LABEL THERMAL 78 X 100 KERTAS STICKER BARCODE 78x100 mm Isi 300 Pcs,Rp28.500
LABEL THERMAL STIKER 80 x 100 mm STICKER DIRECT THERMAL 80x100 ,Rp52.430
(Ar1) LABEL THERMAL UKURAN A6 - KERTAS STICKER BARE RESI PENGIRIMAN,Rp38.000
EXILO Sticker Vinyl Roll White Gloss Eco Solvent UV Print P 50m - 1.06 X 50 M,Rp650.000
Kertas Stiker Thermal 80 mm x 10 meter Printer Thermal 80 - non stiker,Rp5.000
[A4 LABEL/PRINT] KERTAS STIKER / STICKER KRAFT / COKLAT - ISI 50 lbr,Rp43.500
Print Sticker | Cetak Stiker Chromo/HVS A3+ - HVS,Rp3.500
Label Stiker Thermal 50 mm x 30 mm 3 warna pas untuk printer peripage - Merah Muda,Rp18.000
Direct Thermal Sticker Label Resi BLUEPRINT Lite 100x150 mm 200Pcs CF,Rp29.150
Kertas Thermal Sticker Label Roll 78 Continuous @40mm,Rp15.000
thermal sticky label 1roll isi 500pcs 100x150 kertas printer thermal,Rp53.000
LABEL BARCODE THERMAL 40 MM x 30 MM ISI 500 PCS,Rp12.210
LABEL THERMAL STIKER 33 x 19 mm STICKER DIRECT THERMAL 33x19 ,Rp49.000
